Start_Date,End_Date,Portfolio_Start,Portfolio_End,Portfolio_Return_Pct,Benchmark_Return_Pct,Top10,Changes,BKNG_Pct,BKNG_Ret,GLDN-200802_Pct,GLDN-200802_Ret,RESP-200803_Pct,RESP-200803_Ret,DRYS-201910_Pct,DRYS-201910_Ret,ILMN_Pct,ILMN_Ret,PRGO_Pct,PRGO_Ret,BUCY-201107_Pct,BUCY-201107_Ret,PTEN_Pct,PTEN_Ret,IMCL-200811_Pct,IMCL-200811_Ret,ENERQ-201209_Pct,ENERQ-201209_Ret,MYGN_Pct,MYGN_Ret,DLTR_Pct,DLTR_Ret,STRA_Pct,STRA_Ret,PRDO_Pct,PRDO_Ret,DNDNQ-201506_Pct,DNDNQ-201506_Ret,NTES_Pct,NTES_Ret,TIVO-202005_Pct,TIVO-202005_Ret,GMCR-201603_Pct,GMCR-201603_Ret,MDRX_Pct,MDRX_Ret,VMED-201306_Pct,VMED-201306_Ret,HGSI-201208_Pct,HGSI-201208_Ret,WOLF_Pct,WOLF_Ret,UAL_Pct,UAL_Ret,NFLX_Pct,NFLX_Ret,FFIV_Pct,FFIV_Ret,ENDPQ-202405_Pct,ENDPQ-202405_Ret,ATML-201604_Pct,ATML-201604_Ret,RVBD-201504_Pct,RVBD-201504_Ret,ALXN-202107_Pct,ALXN-202107_Ret,CHTR_Pct,CHTR_Ret,SINA-202103_Pct,SINA-202103_Ret,FOSL_Pct,FOSL_Ret,TSCO_Pct,TSCO_Ret,MNST_Pct,MNST_Ret,VRUS-201201_Pct,VRUS-201201_Ret,BMRN_Pct,BMRN_Ret,SHPG-201901_Pct,SHPG-201901_Ret,REGN_Pct,REGN_Ret,ULTA_Pct,ULTA_Ret,EQIX_Pct,EQIX_Ret,SBAC_Pct,SBAC_Ret,MLNX-202004_Pct,MLNX-202004_Ret,ONXX-201309_Pct,ONXX-201309_Ret,ARMH-201609_Pct,ARMH-201609_Ret,MDVN-201609_Pct,MDVN-201609_Ret,RYAAY_Pct,RYAAY_Ret,TSLA_Pct,TSLA_Ret,BEAV-201704_Pct,BEAV-201704_Ret,TCOM_Pct,TCOM_Ret,MLCO_Pct,MLCO_Ret,JAZZ_Pct,JAZZ_Ret,INCY_Pct,INCY_Ret,ICPT-202311_Pct,ICPT-202311_Ret,SLXP-201503_Pct,SLXP-201503_Ret,SWKS_Pct,SWKS_Ret,PPC_Pct,PPC_Ret,CTAS_Pct,CTAS_Ret,FTRCQ-202104_Pct,FTRCQ-202104_Ret,HAS_Pct,HAS_Ret,ANAC-201606_Pct,ANAC-201606_Ret,DXCM_Pct,DXCM_Ret,JBLU_Pct,JBLU_Ret,SABR_Pct,SABR_Ret,JKHY_Pct,JKHY_Ret,VRSN_Pct,VRSN_Ret,XRAY_Pct,XRAY_Ret,LKQ_Pct,LKQ_Ret,OTEX_Pct,OTEX_Ret,IDXX_Pct,IDXX_Ret,MELI_Pct,MELI_Ret,MRVL_Pct,MRVL_Ret,STLD_Pct,STLD_Ret,NDSN_Pct,NDSN_Ret,ALGN_Pct,ALGN_Ret,SNPS_Pct,SNPS_Ret,VISN_Pct,VISN_Ret,CGNX_Pct,CGNX_Ret,IPGP_Pct,IPGP_Ret,TTWO_Pct,TTWO_Ret,OLED_Pct,OLED_Ret,ODFL_Pct,ODFL_Ret,CPRT_Pct,CPRT_Ret,NKTR_Pct,NKTR_Ret,ABMD-202212_Pct,ABMD-202212_Ret,LULU_Pct,LULU_Ret,FTNT_Pct,FTNT_Ret,TEAM_Pct,TEAM_Ret,GRMN_Pct,GRMN_Ret,IONS_Pct,IONS_Ret,CSGP_Pct,CSGP_Ret,OKTA_Pct,OKTA_Ret,TER_Pct,TER_Ret,ROKU_Pct,ROKU_Ret,SGEN-202312_Pct,SGEN-202312_Ret,QRVO_Pct,QRVO_Ret,PODD_Pct,PODD_Ret,DOCU_Pct,DOCU_Ret,LBRDK_Pct,LBRDK_Ret,ALNY_Pct,ALNY_Ret,PDD_Pct,PDD_Ret,MRNA_Pct,MRNA_Ret,COUP-202302_Pct,COUP-202302_Ret,ZS_Pct,ZS_Ret,DDOG_Pct,DDOG_Ret,HZNP-202310_Pct,HZNP-202310_Ret,PTON_Pct,PTON_Ret,TTD_Pct,TTD_Ret,ENPH_Pct,ENPH_Ret,XAUUSD_Pct,XAUUSD_Ret,BKR_Pct,BKR_Ret,FANG_Pct,FANG_Ret,LNT_Pct,LNT_Ret,RPRX_Pct,RPRX_Ret,FSLR_Pct,FSLR_Ret,AXON_Pct,AXON_Ret,CCEP_Pct,CCEP_Ret,FOX_Pct,FOX_Ret,FOXA_Pct,FOXA_Ret,LLYVA_Pct,LLYVA_Ret,ESLT_Pct,ESLT_Ret,LLYVK_Pct,LLYVK_Ret,STX_Pct,STX_Ret,WDC_Pct,WDC_Ret,CHRW_Pct,CHRW_Ret,LITE_Pct,LITE_Ret,SNDK_Pct,SNDK_Ret,FLEX_Pct,FLEX_Ret,RVMD_Pct,RVMD_Ret
2008-01-31,2008-02-29,100975.37,103525.58,2.53,-1.31,"RESP-200803, BKNG, GLDN-200802, CPRT, DRYS-201910, FLIR-202105, ILMN, MLNM-200805, VMSI-200802, LIFE-201402","+BKNG, +GLDN-200802, +RESP-200803",33.33,5.07,33.33,2.25,33.33,0.26,,,,,,,,,,,,,,,,,,,,,,,,,,,,,,,,,,,,,,,,,,,,,,,,,,,,,,,,,,,,,,,,,,,,,,,,,,,,,,,,,,,,,,,,,,,,,,,,,,,,,,,,,,,,,,,,,,,,,,,,,,,,,,,,,,,,,,,,,,,,,,,,,,,,,,,,,,,,,,,,,,,,,,,,,,,,,,,,,,,,,,,,,,,,,,,,,,,,,,,,,,,,,,,,,,,,,,,,,,,,,,,,,,,,,,,,,,,,,,,,,,,,,,,,,,
2008-02-29,2008-03-31,104574.58,99689.91,-4.67,-0.93,"DRYS-201910, ILMN, BKNG, RESP-200803, BUCY-201107, CPRT, PPDI-201112, TCOM, MLNM-200805, FLIR-202105",GLDN-200802→DRYS-201910,33.33,6.0,,,33.33,0.43,33.33,-20.44,,,,,,,,,,,,,,,,,,,,,,,,,,,,,,,,,,,,,,,,,,,,,,,,,,,,,,,,,,,,,,,,,,,,,,,,,,,,,,,,,,,,,,,,,,,,,,,,,,,,,,,,,,,,,,,,,,,,,,,,,,,,,,,,,,,,,,,,,,,,,,,,,,,,,,,,,,,,,,,,,,,,,,,,,,,,,,,,,,,,,,,,,,,,,,,,,,,,,,,,,,,,,,,,,,,,,,,,,,,,,,,,,,,,,,,,,,,,,,,,,,,,,,,,
2008-03-31,2008-04-30,100636.67,106296.48,5.62,10.3,"PRGO, ILMN, BMRN, BUCY-201107, GOLD-201812, BKNG, CPRT, MLNM-200805, URBN, ANSS-202507","DRYS-201910→ILMN, RESP-200803→PRGO",33.33,5.61,,,,,,,33.33,2.62,33.33,8.64,,,,,,,,,,,,,,,,,,,,,,,,,,,,,,,,,,,,,,,,,,,,,,,,,,,,,,,,,,,,,,,,,,,,,,,,,,,,,,,,,,,,,,,,,,,,,,,,,,,,,,,,,,,,,,,,,,,,,,,,,,,,,,,,,,,,,,,,,,,,,,,,,,,,,,,,,,,,,,,,,,,,,,,,,,,,,,,,,,,,,,,,,,,,,,,,,,,,,,,,,,,,,,,,,,,,,,,,,,,,,,,,,,,,,,,,,,,,,,,,,,,,
2008-04-30,2008-05-30,107311.34,105739.35,-1.46,2.93,"PRGO, MLNM-200805, ILMN, BMRN, GOLD-201812, BUCY-201107, BKNG, PTEN, URBN, LIFE-201402",,33.33,5.4,,,,,,,33.33,0.76,33.33,-10.55,,,,,,,,,,,,,,,,,,,,,,,,,,,,,,,,,,,,,,,,,,,,,,,,,,,,,,,,,,,,,,,,,,,,,,,,,,,,,,,,,,,,,,,,,,,,,,,,,,,,,,,,,,,,,,,,,,,,,,,,,,,,,,,,,,,,,,,,,,,,,,,,,,,,,,,,,,,,,,,,,,,,,,,,,,,,,,,,,,,,,,,,,,,,,,,,,,,,,,,,,,,,,,,,,,,,,,,,,,,,,,,,,,,,,,,,,,,,,,,,,,,,
2008-05-30,2008-06-30,106797.18,100959.19,-5.47,-7.23,"ILMN, BMRN, BUCY-201107, PTEN, PRGO, GOLD-201812, BKNG, CPRT, FLIR-202105, TECH",,33.33,-14.18,,,,,,,33.33,11.0,33.33,-13.22,,,,,,,,,,,,,,,,,,,,,,,,,,,,,,,,,,,,,,,,,,,,,,,,,,,,,,,,,,,,,,,,,,,,,,,,,,,,,,,,,,,,,,,,,,,,,,,,,,,,,,,,,,,,,,,,,,,,,,,,,,,,,,,,,,,,,,,,,,,,,,,,,,,,,,,,,,,,,,,,,,,,,,,,,,,,,,,,,,,,,,,,,,,,,,,,,,,,,,,,,,,,,,,,,,,,,,,,,,,,,,,,,,,,,,,,,,,,,,,,,,,,
2008-06-30,2008-07-31,102024.63,95758.72,-6.14,2.13,"PTEN, BUCY-201107, ILMN, CPRT, FLIR-202105, TECH, ANSS-202507, ROST, GOLD-201812, BKNG","BKNG→BUCY-201107, PRGO→PTEN",,,,,,,,,33.33,7.04,,,33.33,-4.12,33.33,-21.34,,,,,,,,,,,,,,,,,,,,,,,,,,,,,,,,,,,,,,,,,,,,,,,,,,,,,,,,,,,,,,,,,,,,,,,,,,,,,,,,,,,,,,,,,,,,,,,,,,,,,,,,,,,,,,,,,,,,,,,,,,,,,,,,,,,,,,,,,,,,,,,,,,,,,,,,,,,,,,,,,,,,,,,,,,,,,,,,,,,,,,,,,,,,,,,,,,,,,,,,,,,,,,,,,,,,,,,,,,,,,,,,,,,,,,,,,,,,,,,,
2008-07-31,2008-08-29,96785.45,94265.43,-2.6,-0.62,"ILMN, TECH, BUCY-201107, PTEN, PRGO, ANSS-202507, ROST, CPRT, JBHT, LECO",,,,,,,,,,33.33,-7.63,,,33.33,-0.19,33.33,0.0,,,,,,,,,,,,,,,,,,,,,,,,,,,,,,,,,,,,,,,,,,,,,,,,,,,,,,,,,,,,,,,,,,,,,,,,,,,,,,,,,,,,,,,,,,,,,,,,,,,,,,,,,,,,,,,,,,,,,,,,,,,,,,,,,,,,,,,,,,,,,,,,,,,,,,,,,,,,,,,,,,,,,,,,,,,,,,,,,,,,,,,,,,,,,,,,,,,,,,,,,,,,,,,,,,,,,,,,,,,,,,,,,,,,,,,,,,,,,,,,
2008-08-29,2008-09-30,95442.02,81117.31,-15.01,-16.38,"IMCL-200811, ILMN, ROST, BUCY-201107, DLTR, PRGO, CPRT, URBN, TECH, ON",PTEN→IMCL-200811,,,,,,,,,33.33,-5.89,,,33.33,-36.03,,,33.33,-3.11,,,,,,,,,,,,,,,,,,,,,,,,,,,,,,,,,,,,,,,,,,,,,,,,,,,,,,,,,,,,,,,,,,,,,,,,,,,,,,,,,,,,,,,,,,,,,,,,,,,,,,,,,,,,,,,,,,,,,,,,,,,,,,,,,,,,,,,,,,,,,,,,,,,,,,,,,,,,,,,,,,,,,,,,,,,,,,,,,,,,,,,,,,,,,,,,,,,,,,,,,,,,,,,,,,,,,,,,,,,,,,,,,,,,,,,,,,,,,,
2008-09-30,2008-10-31,82244.95,72935.6,-11.32,-20.59,"ENERQ-201209, MYGN, IMCL-200811, ALXN-202107, PRGO, ROST, CPWR-201412, STRA, ILMN, OSIP-201006","BUCY-201107→ENERQ-201209, ILMN→MYGN",,,,,,,,,,,,,,,,,33.33,10.19,33.33,-41.39,33.33,-2.76,,,,,,,,,,,,,,,,,,,,,,,,,,,,,,,,,,,,,,,,,,,,,,,,,,,,,,,,,,,,,,,,,,,,,,,,,,,,,,,,,,,,,,,,,,,,,,,,,,,,,,,,,,,,,,,,,,,,,,,,,,,,,,,,,,,,,,,,,,,,,,,,,,,,,,,,,,,,,,,,,,,,,,,,,,,,,,,,,,,,,,,,,,,,,,,,,,,,,,,,,,,,,,,,,,,,,,,,,,,,,,,,,,,,,,,,,,
2008-10-31,2008-11-28,74015.87,68515.63,-7.43,-8.89,"IMCL-200811, MYGN, DLTR, ALXN-202107, ENERQ-201209, STRA, PRGO, ROST, OSIP-201006, TECH",,,,,,,,,,,,,,,,,,33.33,1.79,33.33,-18.04,33.33,-6.04,,,,,,,,,,,,,,,,,,,,,,,,,,,,,,,,,,,,,,,,,,,,,,,,,,,,,,,,,,,,,,,,,,,,,,,,,,,,,,,,,,,,,,,,,,,,,,,,,,,,,,,,,,,,,,,,,,,,,,,,,,,,,,,,,,,,,,,,,,,,,,,,,,,,,,,,,,,,,,,,,,,,,,,,,,,,,,,,,,,,,,,,,,,,,,,,,,,,,,,,,,,,,,,,,,,,,,,,,,,,,,,,,,,,,,,,,,
2008-11-28,2008-12-31,69516.16,69478.8,-0.05,6.07,"MYGN, STRA, DLTR, ALXN-202107, OSIP-201006, PRGO, TECH, JBHT, ENERQ-201209, GOLD-201812","ENERQ-201209→DLTR, IMCL-200811→STRA",,,,,,,,,,,,,,,,,,,,,33.33,11.77,33.33,-1.42,33.33,-10.52,,,,,,,,,,,,,,,,,,,,,,,,,,,,,,,,,,,,,,,,,,,,,,,,,,,,,,,,,,,,,,,,,,,,,,,,,,,,,,,,,,,,,,,,,,,,,,,,,,,,,,,,,,,,,,,,,,,,,,,,,,,,,,,,,,,,,,,,,,,,,,,,,,,,,,,,,,,,,,,,,,,,,,,,,,,,,,,,,,,,,,,,,,,,,,,,,,,,,,,,,,,,,,,,,,,,,,,,,,,,,,,,,,,,,,
2008-12-31,2009-01-30,70428.38,74168.19,5.31,-4.18,"MYGN, DLTR, STRA, GOLD-201812, UAL, PRGO, ALXN-202107, ENDPQ-202405, SLGN, OSIP-201006",,,,,,,,,,,,,,,,,,,,,,33.33,12.54,33.33,2.45,33.33,0.94,,,,,,,,,,,,,,,,,,,,,,,,,,,,,,,,,,,,,,,,,,,,,,,,,,,,,,,,,,,,,,,,,,,,,,,,,,,,,,,,,,,,,,,,,,,,,,,,,,,,,,,,,,,,,,,,,,,,,,,,,,,,,,,,,,,,,,,,,,,,,,,,,,,,,,,,,,,,,,,,,,,,,,,,,,,,,,,,,,,,,,,,,,,,,,,,,,,,,,,,,,,,,,,,,,,,,,,,,,,,,,,,,,,,,,
2009-01-30,2009-02-27,75258.01,69055.45,-8.24,-7.32,"MYGN, DLTR, STRA, ATML-201604, UAL, ALXN-202107, GOLD-201812, BLUD-201108, SLGN, ENDPQ-202405",,,,,,,,,,,,,,,,,,,,,,33.33,5.74,33.33,-9.11,33.33,-21.36,,,,,,,,,,,,,,,,,,,,,,,,,,,,,,,,,,,,,,,,,,,,,,,,,,,,,,,,,,,,,,,,,,,,,,,,,,,,,,,,,,,,,,,,,,,,,,,,,,,,,,,,,,,,,,,,,,,,,,,,,,,,,,,,,,,,,,,,,,,,,,,,,,,,,,,,,,,,,,,,,,,,,,,,,,,,,,,,,,,,,,,,,,,,,,,,,,,,,,,,,,,,,,,,,,,,,,,,,,,,,,,,,,,,,,
2009-02-27,2009-03-31,69948.16,78354.77,12.02,10.05,"MYGN, DLTR, GOLD-201812, STRA, ALXN-202107, SLGN, ATML-201604, ENDPQ-202405, BLUD-201108, ERIC",,,,,,,,,,,,,,,,,,,,,,33.33,15.33,33.33,14.76,33.33,5.96,,,,,,,,,,,,,,,,,,,,,,,,,,,,,,,,,,,,,,,,,,,,,,,,,,,,,,,,,,,,,,,,,,,,,,,,,,,,,,,,,,,,,,,,,,,,,,,,,,,,,,,,,,,,,,,,,,,,,,,,,,,,,,,,,,,,,,,,,,,,,,,,,,,,,,,,,,,,,,,,,,,,,,,,,,,,,,,,,,,,,,,,,,,,,,,,,,,,,,,,,,,,,,,,,,,,,,,,,,,,,,,,,,,,,,
2009-03-31,2009-04-30,79456.36,72129.14,-9.22,6.67,"MYGN, PRDO, NFLX, DLTR, THOR-201510, VTRS, GOLD-201812, ALXN-202107, CERN-202206, OTEX",STRA→PRDO,,,,,,,,,,,,,,,,,,,,,33.33,-14.69,33.33,-4.96,,,33.33,-8.01,,,,,,,,,,,,,,,,,,,,,,,,,,,,,,,,,,,,,,,,,,,,,,,,,,,,,,,,,,,,,,,,,,,,,,,,,,,,,,,,,,,,,,,,,,,,,,,,,,,,,,,,,,,,,,,,,,,,,,,,,,,,,,,,,,,,,,,,,,,,,,,,,,,,,,,,,,,,,,,,,,,,,,,,,,,,,,,,,,,,,,,,,,,,,,,,,,,,,,,,,,,,,,,,,,,,,,,,,,,,,,,,,,,,
2009-04-30,2009-05-29,73163.39,70740.76,-3.31,3.05,"NFLX, MYGN, VTRS, DLTR, PRDO, THOR-201510, FFIV, CERN-202206, TLAB-201312, OTEX",,,,,,,,,,,,,,,,,,,,,,33.33,-6.78,33.33,5.74,,,33.33,-8.89,,,,,,,,,,,,,,,,,,,,,,,,,,,,,,,,,,,,,,,,,,,,,,,,,,,,,,,,,,,,,,,,,,,,,,,,,,,,,,,,,,,,,,,,,,,,,,,,,,,,,,,,,,,,,,,,,,,,,,,,,,,,,,,,,,,,,,,,,,,,,,,,,,,,,,,,,,,,,,,,,,,,,,,,,,,,,,,,,,,,,,,,,,,,,,,,,,,,,,,,,,,,,,,,,,,,,,,,,,,,,,,,,,,,
2009-05-29,2009-06-30,71674.25,76780.45,7.12,2.56,"GOLD-201812, NFLX, THOR-201510, CERN-202206, DLTR, MYGN, PRDO, WOLF, FFIV, BKNG",,,,,,,,,,,,,,,,,,,,,,33.33,3.38,33.33,-5.96,,,33.33,23.95,,,,,,,,,,,,,,,,,,,,,,,,,,,,,,,,,,,,,,,,,,,,,,,,,,,,,,,,,,,,,,,,,,,,,,,,,,,,,,,,,,,,,,,,,,,,,,,,,,,,,,,,,,,,,,,,,,,,,,,,,,,,,,,,,,,,,,,,,,,,,,,,,,,,,,,,,,,,,,,,,,,,,,,,,,,,,,,,,,,,,,,,,,,,,,,,,,,,,,,,,,,,,,,,,,,,,,,,,,,,,,,,,,,,
2009-06-30,2009-07-31,77783.81,77523.51,-0.33,6.28,"DNDNQ-201506, NTES, TIVO-202005, WOLF, CERN-202206, MYGN, BRCD-201711, GOLD-201812, NFLX, FFIV","DLTR→DNDNQ-201506, PRDO→NTES",,,,,,,,,,,,,,,,,,,,,33.33,-23.09,,,,,,,33.33,-3.16,33.33,25.24,,,,,,,,,,,,,,,,,,,,,,,,,,,,,,,,,,,,,,,,,,,,,,,,,,,,,,,,,,,,,,,,,,,,,,,,,,,,,,,,,,,,,,,,,,,,,,,,,,,,,,,,,,,,,,,,,,,,,,,,,,,,,,,,,,,,,,,,,,,,,,,,,,,,,,,,,,,,,,,,,,,,,,,,,,,,,,,,,,,,,,,,,,,,,,,,,,,,,,,,,,,,,,,,,,,,,,,,,,,,,,,,
2009-07-31,2009-08-31,78497.21,80617.73,2.7,2.87,"DNDNQ-201506, NTES, TIVO-202005, BRCD-201711, WOLF, TCOM, NFLX, BKNG, FFIV, WFM-201708",MYGN→TIVO-202005,,,,,,,,,,,,,,,,,,,,,,,,,,,,,33.33,-3.47,33.33,-4.7,33.33,16.27,,,,,,,,,,,,,,,,,,,,,,,,,,,,,,,,,,,,,,,,,,,,,,,,,,,,,,,,,,,,,,,,,,,,,,,,,,,,,,,,,,,,,,,,,,,,,,,,,,,,,,,,,,,,,,,,,,,,,,,,,,,,,,,,,,,,,,,,,,,,,,,,,,,,,,,,,,,,,,,,,,,,,,,,,,,,,,,,,,,,,,,,,,,,,,,,,,,,,,,,,,,,,,,,,,,,,,,,,,,,,,
2009-08-31,2009-09-30,81502.85,92081.32,12.98,7.63,"DNDNQ-201506, TIVO-202005, NTES, WFM-201708, WOLF, BKNG, WBD, BRCD-201711, TCOM, ASML",,,,,,,,,,,,,,,,,,,,,,,,,,,,,,33.33,19.77,33.33,8.79,33.33,10.38,,,,,,,,,,,,,,,,,,,,,,,,,,,,,,,,,,,,,,,,,,,,,,,,,,,,,,,,,,,,,,,,,,,,,,,,,,,,,,,,,,,,,,,,,,,,,,,,,,,,,,,,,,,,,,,,,,,,,,,,,,,,,,,,,,,,,,,,,,,,,,,,,,,,,,,,,,,,,,,,,,,,,,,,,,,,,,,,,,,,,,,,,,,,,,,,,,,,,,,,,,,,,,,,,,,,,,,,,,,,,,
2009-09-30,2009-10-30,93249.45,79828.04,-14.39,-3.5,"DNDNQ-201506, MDRX, GMCR-201603, BKNG, NTES, TIVO-202005, FFIV, LINEQ-201702, WBD, BRCD-201711",,,,,,,,,,,,,,,,,,,,,,,,,,,,,,33.33,-9.72,33.33,-15.46,33.33,-18.01,,,,,,,,,,,,,,,,,,,,,,,,,,,,,,,,,,,,,,,,,,,,,,,,,,,,,,,,,,,,,,,,,,,,,,,,,,,,,,,,,,,,,,,,,,,,,,,,,,,,,,,,,,,,,,,,,,,,,,,,,,,,,,,,,,,,,,,,,,,,,,,,,,,,,,,,,,,,,,,,,,,,,,,,,,,,,,,,,,,,,,,,,,,,,,,,,,,,,,,,,,,,,,,,,,,,,,,,,,,,,,
2009-10-30,2009-11-30,80823.72,81174.07,0.43,5.83,"GMCR-201603, MDRX, FFIV, WOLF, TIVO-202005, WBD, LINEQ-201702, WFM-201708, BRCD-201711, TCOM","DNDNQ-201506→GMCR-201603, NTES→MDRX",,,,,,,,,,,,,,,,,,,,,,,,,,,,,,,,,33.33,8.2,33.33,-5.36,33.33,-1.54,,,,,,,,,,,,,,,,,,,,,,,,,,,,,,,,,,,,,,,,,,,,,,,,,,,,,,,,,,,,,,,,,,,,,,,,,,,,,,,,,,,,,,,,,,,,,,,,,,,,,,,,,,,,,,,,,,,,,,,,,,,,,,,,,,,,,,,,,,,,,,,,,,,,,,,,,,,,,,,,,,,,,,,,,,,,,,,,,,,,,,,,,,,,,,,,,,,,,,,,,,,,,,,,,,,,,,,,,,
2009-11-30,2009-12-31,82127.17,86169.2,4.92,6.57,"VMED-201306, TCOM, WOLF, NFLX, BUCY-201107, TIVO-202005, MDRX, FFIV, LINEQ-201702, WBD",GMCR-201603→VMED-201306,,,,,,,,,,,,,,,,,,,,,,,,,,,,,,,,,33.33,6.91,,,33.33,5.36,33.33,2.49,,,,,,,,,,,,,,,,,,,,,,,,,,,,,,,,,,,,,,,,,,,,,,,,,,,,,,,,,,,,,,,,,,,,,,,,,,,,,,,,,,,,,,,,,,,,,,,,,,,,,,,,,,,,,,,,,,,,,,,,,,,,,,,,,,,,,,,,,,,,,,,,,,,,,,,,,,,,,,,,,,,,,,,,,,,,,,,,,,,,,,,,,,,,,,,,,,,,,,,,,,,,,,,,,,,,,,,,
2009-12-31,2010-01-29,87254.86,80370.62,-7.89,-4.22,"HGSI-201208, WOLF, LINEQ-201702, TCOM, TIVO-202005, BUCY-201107, FFIV, WBD, ASML, WFM-201708","MDRX→HGSI-201208, VMED-201306→WOLF",,,,,,,,,,,,,,,,,,,,,,,,,,,,,,,,,33.33,-9.41,,,,,,,33.33,-13.44,33.33,-0.82,,,,,,,,,,,,,,,,,,,,,,,,,,,,,,,,,,,,,,,,,,,,,,,,,,,,,,,,,,,,,,,,,,,,,,,,,,,,,,,,,,,,,,,,,,,,,,,,,,,,,,,,,,,,,,,,,,,,,,,,,,,,,,,,,,,,,,,,,,,,,,,,,,,,,,,,,,,,,,,,,,,,,,,,,,,,,,,,,,,,,,,,,,,,,,,,,,,,,,,,,,,,,,,,,,,,
2010-01-29,2010-02-26,81243.37,93089.18,14.58,7.51,"WOLF, HGSI-201208, BUCY-201107, FFIV, LINEQ-201702, TCOM, TIVO-202005, PRGO, DNDNQ-201506, WBD",,,,,,,,,,,,,,,,,,,,,,,,,,,,,,,,,,33.33,16.04,,,,,,,33.33,6.38,33.33,21.32,,,,,,,,,,,,,,,,,,,,,,,,,,,,,,,,,,,,,,,,,,,,,,,,,,,,,,,,,,,,,,,,,,,,,,,,,,,,,,,,,,,,,,,,,,,,,,,,,,,,,,,,,,,,,,,,,,,,,,,,,,,,,,,,,,,,,,,,,,,,,,,,,,,,,,,,,,,,,,,,,,,,,,,,,,,,,,,,,,,,,,,,,,,,,,,,,,,,,,,,,,,,,,,,,,,,
2010-02-26,2010-03-31,94000.41,103158.11,9.74,6.23,"PRGO, WOLF, BUCY-201107, FFIV, TCOM, HGSI-201208, DNDNQ-201506, GMCR-201603, WBD, LINEQ-201702",TIVO-202005→PRGO,,,,,,,,,,,33.33,18.46,,,,,,,,,,,,,,,,,,,,,,,,,,,,,33.33,7.24,33.33,3.52,,,,,,,,,,,,,,,,,,,,,,,,,,,,,,,,,,,,,,,,,,,,,,,,,,,,,,,,,,,,,,,,,,,,,,,,,,,,,,,,,,,,,,,,,,,,,,,,,,,,,,,,,,,,,,,,,,,,,,,,,,,,,,,,,,,,,,,,,,,,,,,,,,,,,,,,,,,,,,,,,,,,,,,,,,,,,,,,,,,,,,,,,,,,,,,,,,,,,,,,,,,,,,,,,,,,
2010-03-31,2010-04-30,104157.88,104181.5,0.02,4.73,"HGSI-201208, PRGO, WOLF, FFIV, BUCY-201107, AMLN-201208, PETM-201503, SHPG-201901, LNCR-201208, AKAM",,,,,,,,,,,,33.33,4.12,,,,,,,,,,,,,,,,,,,,,,,,,,,,,33.33,-8.31,33.33,4.26,,,,,,,,,,,,,,,,,,,,,,,,,,,,,,,,,,,,,,,,,,,,,,,,,,,,,,,,,,,,,,,,,,,,,,,,,,,,,,,,,,,,,,,,,,,,,,,,,,,,,,,,,,,,,,,,,,,,,,,,,,,,,,,,,,,,,,,,,,,,,,,,,,,,,,,,,,,,,,,,,,,,,,,,,,,,,,,,,,,,,,,,,,,,,,,,,,,,,,,,,,,,,,,,,,,,
2010-04-30,2010-05-31,105263.15,97317.62,-7.55,-6.01,"HGSI-201208, PRGO, FFIV, WOLF, NFLX, LNCR-201208, TIVO-202005, BUCY-201107, SHPG-201901, AMLN-201208",,,,,,,,,,,,33.33,-2.72,,,,,,,,,,,,,,,,,,,,,,,,,,,,,33.33,-10.58,33.33,-9.34,,,,,,,,,,,,,,,,,,,,,,,,,,,,,,,,,,,,,,,,,,,,,,,,,,,,,,,,,,,,,,,,,,,,,,,,,,,,,,,,,,,,,,,,,,,,,,,,,,,,,,,,,,,,,,,,,,,,,,,,,,,,,,,,,,,,,,,,,,,,,,,,,,,,,,,,,,,,,,,,,,,,,,,,,,,,,,,,,,,,,,,,,,,,,,,,,,,,,,,,,,,,,,,,,,,,
2010-05-31,2010-06-30,98361.13,94260.52,-4.17,-2.35,"PRGO, HGSI-201208, NFLX, LNCR-201208, TLAB-201312, FFIV, WOLF, WFM-201708, AKAM, SIRI",,,,,,,,,,,,33.33,4.51,,,,,,,,,,,,,,,,,,,,,,,,,,,,,33.33,-8.85,33.33,-8.17,,,,,,,,,,,,,,,,,,,,,,,,,,,,,,,,,,,,,,,,,,,,,,,,,,,,,,,,,,,,,,,,,,,,,,,,,,,,,,,,,,,,,,,,,,,,,,,,,,,,,,,,,,,,,,,,,,,,,,,,,,,,,,,,,,,,,,,,,,,,,,,,,,,,,,,,,,,,,,,,,,,,,,,,,,,,,,,,,,,,,,,,,,,,,,,,,,,,,,,,,,,,,,,,,,,,
2010-06-30,2010-07-30,95184.28,103040.62,8.25,6.11,"UAL, NFLX, PRGO, AKAM, LNCR-201208, FFIV, HGSI-201208, SIRI, WFM-201708, WBD",WOLF→UAL,,,,,,,,,,,33.33,-5.18,,,,,,,,,,,,,,,,,,,,,,,,,,,,,33.33,14.47,,,33.33,15.47,,,,,,,,,,,,,,,,,,,,,,,,,,,,,,,,,,,,,,,,,,,,,,,,,,,,,,,,,,,,,,,,,,,,,,,,,,,,,,,,,,,,,,,,,,,,,,,,,,,,,,,,,,,,,,,,,,,,,,,,,,,,,,,,,,,,,,,,,,,,,,,,,,,,,,,,,,,,,,,,,,,,,,,,,,,,,,,,,,,,,,,,,,,,,,,,,,,,,,,,,,,,,,,,,,
2010-07-30,2010-08-31,103997.27,108710.63,4.53,-2.76,"UAL, NFLX, FFIV, AKAM, PRGO, TIVO-202005, DLTR, PPDI-201112, BEAV-201704, LINEQ-201702",HGSI-201208→NFLX,,,,,,,,,,,33.33,1.9,,,,,,,,,,,,,,,,,,,,,,,,,,,,,,,,,33.33,-10.7,33.33,22.4,,,,,,,,,,,,,,,,,,,,,,,,,,,,,,,,,,,,,,,,,,,,,,,,,,,,,,,,,,,,,,,,,,,,,,,,,,,,,,,,,,,,,,,,,,,,,,,,,,,,,,,,,,,,,,,,,,,,,,,,,,,,,,,,,,,,,,,,,,,,,,,,,,,,,,,,,,,,,,,,,,,,,,,,,,,,,,,,,,,,,,,,,,,,,,,,,,,,,,,,,,,,,,,,
2010-08-31,2010-09-30,109559.43,129076.08,17.81,11.99,"AKAM, NFLX, FFIV, PRGO, UAL, PETM-201503, WINMQ-202009, DLTR, LINEQ-201702, GOLD-201812",,,,,,,,,,,,33.33,12.65,,,,,,,,,,,,,,,,,,,,,,,,,,,,,,,,,33.33,11.6,33.33,29.19,,,,,,,,,,,,,,,,,,,,,,,,,,,,,,,,,,,,,,,,,,,,,,,,,,,,,,,,,,,,,,,,,,,,,,,,,,,,,,,,,,,,,,,,,,,,,,,,,,,,,,,,,,,,,,,,,,,,,,,,,,,,,,,,,,,,,,,,,,,,,,,,,,,,,,,,,,,,,,,,,,,,,,,,,,,,,,,,,,,,,,,,,,,,,,,,,,,,,,,,,,,,,,,,
2010-09-30,2010-10-29,130004.87,139972.49,7.67,4.4,"NFLX, FFIV, AKAM, INFA-201508, WINMQ-202009, PRGO, WBD, WBMD-201709, DLTR, GOLD-201812",UAL→FFIV,,,,,,,,,,,33.33,2.58,,,,,,,,,,,,,,,,,,,,,,,,,,,,,,,,,,,33.33,7.04,33.33,13.38,,,,,,,,,,,,,,,,,,,,,,,,,,,,,,,,,,,,,,,,,,,,,,,,,,,,,,,,,,,,,,,,,,,,,,,,,,,,,,,,,,,,,,,,,,,,,,,,,,,,,,,,,,,,,,,,,,,,,,,,,,,,,,,,,,,,,,,,,,,,,,,,,,,,,,,,,,,,,,,,,,,,,,,,,,,,,,,,,,,,,,,,,,,,,,,,,,,,,,,,,,,,,,
2010-10-29,2010-11-30,140885.21,154357.18,9.56,2.32,"NFLX, ENDPQ-202405, INFA-201508, AKAM, DLTR, SWKS, FFIV, TIVO-202005, MCRS-201409, WINMQ-202009",PRGO→ENDPQ-202405,,,,,,,,,,,,,,,,,,,,,,,,,,,,,,,,,,,,,,,,,,,,,,,33.33,18.63,33.33,12.05,33.33,-1.99,,,,,,,,,,,,,,,,,,,,,,,,,,,,,,,,,,,,,,,,,,,,,,,,,,,,,,,,,,,,,,,,,,,,,,,,,,,,,,,,,,,,,,,,,,,,,,,,,,,,,,,,,,,,,,,,,,,,,,,,,,,,,,,,,,,,,,,,,,,,,,,,,,,,,,,,,,,,,,,,,,,,,,,,,,,,,,,,,,,,,,,,,,,,,,,,,,,,,,,,,,,,
2010-11-30,2010-12-31,155416.52,146710.8,-5.6,3.31,"FFIV, ALXN-202107, ENDPQ-202405, NFLX, LBTYA, SWKS, INFA-201508, TIVO-202005, DLTR, WINMQ-202009",,,,,,,,,,,,,,,,,,,,,,,,,,,,,,,,,,,,,,,,,,,,,,,,33.33,-14.67,33.33,-1.3,33.33,-0.83,,,,,,,,,,,,,,,,,,,,,,,,,,,,,,,,,,,,,,,,,,,,,,,,,,,,,,,,,,,,,,,,,,,,,,,,,,,,,,,,,,,,,,,,,,,,,,,,,,,,,,,,,,,,,,,,,,,,,,,,,,,,,,,,,,,,,,,,,,,,,,,,,,,,,,,,,,,,,,,,,,,,,,,,,,,,,,,,,,,,,,,,,,,,,,,,,,,,,,,,,,,,
2010-12-31,2011-01-31,147694.66,150116.9,1.64,3.0,"RVBD-201504, ATML-201604, FOSL, ENDPQ-202405, INFA-201508, ALXN-202107, TIBX-201412, SWKS, TIVO-202005, SINA-202103","FFIV→ATML-201604, NFLX→RVBD-201504",,,,,,,,,,,,,,,,,,,,,,,,,,,,,,,,,,,,,,,,,,,,,,,,,,,33.33,-6.97,33.33,9.9,33.33,1.99,,,,,,,,,,,,,,,,,,,,,,,,,,,,,,,,,,,,,,,,,,,,,,,,,,,,,,,,,,,,,,,,,,,,,,,,,,,,,,,,,,,,,,,,,,,,,,,,,,,,,,,,,,,,,,,,,,,,,,,,,,,,,,,,,,,,,,,,,,,,,,,,,,,,,,,,,,,,,,,,,,,,,,,,,,,,,,,,,,,,,,,,,,,,,,,,,,,,,,,,
2011-01-31,2011-02-28,151003.44,170329.27,12.8,4.03,"ATML-201604, RVBD-201504, ALXN-202107, SINA-202103, TIBX-201412, FOSL, TIVO-202005, SWKS, ENDPQ-202405, TRMB",ENDPQ-202405→ALXN-202107,,,,,,,,,,,,,,,,,,,,,,,,,,,,,,,,,,,,,,,,,,,,,,,,,,,,,33.33,8.42,33.33,15.11,33.33,14.87,,,,,,,,,,,,,,,,,,,,,,,,,,,,,,,,,,,,,,,,,,,,,,,,,,,,,,,,,,,,,,,,,,,,,,,,,,,,,,,,,,,,,,,,,,,,,,,,,,,,,,,,,,,,,,,,,,,,,,,,,,,,,,,,,,,,,,,,,,,,,,,,,,,,,,,,,,,,,,,,,,,,,,,,,,,,,,,,,,,,,,,,,,,,,,,,,,,,,,
2011-02-28,2011-03-31,171376.3,163678.33,-4.49,2.99,"ATML-201604, TIBX-201412, SWKS, RVBD-201504, ALXN-202107, SINA-202103, TRMB, FOSL, INFA-201508, ON",,,,,,,,,,,,,,,,,,,,,,,,,,,,,,,,,,,,,,,,,,,,,,,,,,,,,,33.33,-7.15,33.33,-8.82,33.33,2.49,,,,,,,,,,,,,,,,,,,,,,,,,,,,,,,,,,,,,,,,,,,,,,,,,,,,,,,,,,,,,,,,,,,,,,,,,,,,,,,,,,,,,,,,,,,,,,,,,,,,,,,,,,,,,,,,,,,,,,,,,,,,,,,,,,,,,,,,,,,,,,,,,,,,,,,,,,,,,,,,,,,,,,,,,,,,,,,,,,,,,,,,,,,,,,,,,,,,,,
2011-03-31,2011-04-29,164665.72,166768.61,1.28,4.66,"SINA-202103, FOSL, ATML-201604, CHTR, ALXN-202107, TSCO, RVBD-201504, SWKS, PLCM-201609, CY-202004",,,,,,,,,,,,,,,,,,,,,,,,,,,,,,,,,,,,,,,,,,,,,,,,,,,,,,33.33,12.25,33.33,-6.59,33.33,-1.83,,,,,,,,,,,,,,,,,,,,,,,,,,,,,,,,,,,,,,,,,,,,,,,,,,,,,,,,,,,,,,,,,,,,,,,,,,,,,,,,,,,,,,,,,,,,,,,,,,,,,,,,,,,,,,,,,,,,,,,,,,,,,,,,,,,,,,,,,,,,,,,,,,,,,,,,,,,,,,,,,,,,,,,,,,,,,,,,,,,,,,,,,,,,,,,,,,,,,,
2011-04-29,2011-05-31,167831.8,157856.44,-5.94,1.63,"SINA-202103, CHTR, FOSL, ATML-201604, TSCO, INFA-201508, GMCR-201603, PLCM-201609, TRMB, CY-202004","ALXN-202107→CHTR, RVBD-201504→SINA-202103",,,,,,,,,,,,,,,,,,,,,,,,,,,,,,,,,,,,,,,,,,,,,,,,,,,,,33.33,-1.83,,,,,33.33,-4.16,33.33,-11.84,,,,,,,,,,,,,,,,,,,,,,,,,,,,,,,,,,,,,,,,,,,,,,,,,,,,,,,,,,,,,,,,,,,,,,,,,,,,,,,,,,,,,,,,,,,,,,,,,,,,,,,,,,,,,,,,,,,,,,,,,,,,,,,,,,,,,,,,,,,,,,,,,,,,,,,,,,,,,,,,,,,,,,,,,,,,,,,,,,,,,,,,,,,,,,,,,,
2011-05-31,2011-06-30,158938.07,146944.13,-7.55,-2.03,"FOSL, SINA-202103, CHTR, TSCO, INFA-201508, MNST, ATML-201604, SIRI, LBTYA, SHPG-201901",,,,,,,,,,,,,,,,,,,,,,,,,,,,,,,,,,,,,,,,,,,,,,,,,,,,,,33.33,-6.32,,,,,33.33,-3.95,33.33,-12.37,,,,,,,,,,,,,,,,,,,,,,,,,,,,,,,,,,,,,,,,,,,,,,,,,,,,,,,,,,,,,,,,,,,,,,,,,,,,,,,,,,,,,,,,,,,,,,,,,,,,,,,,,,,,,,,,,,,,,,,,,,,,,,,,,,,,,,,,,,,,,,,,,,,,,,,,,,,,,,,,,,,,,,,,,,,,,,,,,,,,,,,,,,,,,,,,,,
2011-06-30,2011-07-29,147928.26,150314.21,1.61,-4.23,"FOSL, TSCO, CHTR, MNST, INFA-201508, LULU, PTEN, PLCM-201609, TIBX-201412, SHPG-201901","ATML-201604→FOSL, SINA-202103→TSCO",,,,,,,,,,,,,,,,,,,,,,,,,,,,,,,,,,,,,,,,,,,,,,,,,,,,,,,,,,,33.33,-0.48,,,33.33,6.75,33.33,-1.44,,,,,,,,,,,,,,,,,,,,,,,,,,,,,,,,,,,,,,,,,,,,,,,,,,,,,,,,,,,,,,,,,,,,,,,,,,,,,,,,,,,,,,,,,,,,,,,,,,,,,,,,,,,,,,,,,,,,,,,,,,,,,,,,,,,,,,,,,,,,,,,,,,,,,,,,,,,,,,,,,,,,,,,,,,,,,,,,,,,,,,,,,,,,,,
2011-07-29,2011-08-31,151456.88,132546.31,-12.49,-8.12,"FOSL, LULU, PTEN, TSCO, CHTR, MNST, PRGO, SHPG-201901, REGN, DISH-202312",,,,,,,,,,,,,,,,,,,,,,,,,,,,,,,,,,,,,,,,,,,,,,,,,,,,,,,,,,,,33.33,-7.63,,,33.33,-23.12,33.33,-6.7,,,,,,,,,,,,,,,,,,,,,,,,,,,,,,,,,,,,,,,,,,,,,,,,,,,,,,,,,,,,,,,,,,,,,,,,,,,,,,,,,,,,,,,,,,,,,,,,,,,,,,,,,,,,,,,,,,,,,,,,,,,,,,,,,,,,,,,,,,,,,,,,,,,,,,,,,,,,,,,,,,,,,,,,,,,,,,,,,,,,,,,,,,,,,,
2011-08-31,2011-09-30,133587.6,128290.18,-3.97,-8.67,"MNST, LULU, REGN, PRGO, TSCO, FOSL, SHPG-201901, SINA-202103, FMCN-201305, GOLD-201812",CHTR→MNST,,,,,,,,,,,,,,,,,,,,,,,,,,,,,,,,,,,,,,,,,,,,,,,,,,,,,,,,,,,,,,,33.33,-16.1,33.33,1.89,33.33,2.31,,,,,,,,,,,,,,,,,,,,,,,,,,,,,,,,,,,,,,,,,,,,,,,,,,,,,,,,,,,,,,,,,,,,,,,,,,,,,,,,,,,,,,,,,,,,,,,,,,,,,,,,,,,,,,,,,,,,,,,,,,,,,,,,,,,,,,,,,,,,,,,,,,,,,,,,,,,,,,,,,,,,,,,,,,,,,,,,,,,,,,,,,,,,
2011-09-30,2011-10-31,129286.92,129709.11,0.33,9.79,"VRUS-201201, MNST, LULU, ULTA, REGN, TSCO, PRGO, DECK, AVGO, FOSL",FOSL→VRUS-201201,,,,,,,,,,,,,,,,,,,,,,,,,,,,,,,,,,,,,,,,,,,,,,,,,,,,,,,,,,,,,,,,,33.33,13.45,33.33,2.06,33.33,-14.53,,,,,,,,,,,,,,,,,,,,,,,,,,,,,,,,,,,,,,,,,,,,,,,,,,,,,,,,,,,,,,,,,,,,,,,,,,,,,,,,,,,,,,,,,,,,,,,,,,,,,,,,,,,,,,,,,,,,,,,,,,,,,,,,,,,,,,,,,,,,,,,,,,,,,,,,,,,,,,,,,,,,,,,,,,,,,,,,,,,,,,,,,,
2011-10-31,2011-11-30,130475.31,170288.08,30.51,-0.4,"VRUS-201201, MNST, ULTA, TSCO, NUAN-202203, LULU, PRGO, DECK, REGN, PETM-201503",,,,,,,,,,,,,,,,,,,,,,,,,,,,,,,,,,,,,,,,,,,,,,,,,,,,,,,,,,,,,,,,,,33.33,1.98,33.33,3.49,33.33,86.07,,,,,,,,,,,,,,,,,,,,,,,,,,,,,,,,,,,,,,,,,,,,,,,,,,,,,,,,,,,,,,,,,,,,,,,,,,,,,,,,,,,,,,,,,,,,,,,,,,,,,,,,,,,,,,,,,,,,,,,,,,,,,,,,,,,,,,,,,,,,,,,,,,,,,,,,,,,,,,,,,,,,,,,,,,,,,,,,,,,,,,,,,,
2011-11-30,2011-12-30,171305.28,168407.54,-1.69,-1.9,"VRUS-201201, MNST, ULTA, TSCO, GOLD-201812, PRGO, DECK, REGN, SHPG-201901, LULU",,,,,,,,,,,,,,,,,,,,,,,,,,,,,,,,,,,,,,,,,,,,,,,,,,,,,,,,,,,,,,,,,,33.33,-2.88,33.33,-0.07,33.33,-2.13,,,,,,,,,,,,,,,,,,,,,,,,,,,,,,,,,,,,,,,,,,,,,,,,,,,,,,,,,,,,,,,,,,,,,,,,,,,,,,,,,,,,,,,,,,,,,,,,,,,,,,,,,,,,,,,,,,,,,,,,,,,,,,,,,,,,,,,,,,,,,,,,,,,,,,,,,,,,,,,,,,,,,,,,,,,,,,,,,,,,,,,,,,
2011-12-30,2012-01-31,169361.19,177591.41,4.86,10.28,"SHPG-201901, BMRN, RGLD, ULTA, PETM-201503, DISH-202312, TSCO, LKQ, VRSK, CHTR","MNST→BMRN, VRUS-201201→SHPG-201901",,,,,,,,,,,,,,,,,,,,,,,,,,,,,,,,,,,,,,,,,,,,,,,,,,,,,,,,,,,,,,,,,33.33,15.14,,,,,33.33,3.66,33.33,-4.23,,,,,,,,,,,,,,,,,,,,,,,,,,,,,,,,,,,,,,,,,,,,,,,,,,,,,,,,,,,,,,,,,,,,,,,,,,,,,,,,,,,,,,,,,,,,,,,,,,,,,,,,,,,,,,,,,,,,,,,,,,,,,,,,,,,,,,,,,,,,,,,,,,,,,,,,,,,,,,,,,,,,,,,,,,,,,,,,,,,,,,
2012-01-31,2012-02-29,178498.81,196713.32,10.2,5.4,"REGN, ULTA, TSCO, PETM-201503, VRSK, LKQ, PNRA-201707, BMRN, CTAS, EQIX","BMRN→REGN, SHPG-201901→ULTA",,,,,,,,,,,,,,,,,,,,,,,,,,,,,,,,,,,,,,,,,,,,,,,,,,,,,,,,,,,,,,,,,33.33,5.97,,,,,,,,,33.33,15.33,33.33,9.31,,,,,,,,,,,,,,,,,,,,,,,,,,,,,,,,,,,,,,,,,,,,,,,,,,,,,,,,,,,,,,,,,,,,,,,,,,,,,,,,,,,,,,,,,,,,,,,,,,,,,,,,,,,,,,,,,,,,,,,,,,,,,,,,,,,,,,,,,,,,,,,,,,,,,,,,,,,,,,,,,,,,,,,,,,,,,,,,,,
2012-02-29,2012-03-30,197622.17,217441.17,10.03,3.24,"REGN, ULTA, EQIX, TSCO, PETM-201503, CTAS, ANSS-202507, PNRA-201707, CHTR, DISH-202312",,,,,,,,,,,,,,,,,,,,,,,,,,,,,,,,,,,,,,,,,,,,,,,,,,,,,,,,,,,,,,,,,,33.33,5.96,,,,,,,,,33.33,11.29,33.33,12.84,,,,,,,,,,,,,,,,,,,,,,,,,,,,,,,,,,,,,,,,,,,,,,,,,,,,,,,,,,,,,,,,,,,,,,,,,,,,,,,,,,,,,,,,,,,,,,,,,,,,,,,,,,,,,,,,,,,,,,,,,,,,,,,,,,,,,,,,,,,,,,,,,,,,,,,,,,,,,,,,,,,,,,,,,,,,,,,,,,
2012-03-30,2012-04-30,218392.95,229458.26,5.07,-0.63,"REGN, EQIX, VRSK, SBAC, PETM-201503, ULTA, JBHT, RYAAY, CTAS, TSCO",TSCO→EQIX,,,,,,,,,,,,,,,,,,,,,,,,,,,,,,,,,,,,,,,,,,,,,,,,,,,,,,,,,,,,,,,,,,,,,,,,,,,33.33,15.98,33.33,-5.07,33.33,4.29,,,,,,,,,,,,,,,,,,,,,,,,,,,,,,,,,,,,,,,,,,,,,,,,,,,,,,,,,,,,,,,,,,,,,,,,,,,,,,,,,,,,,,,,,,,,,,,,,,,,,,,,,,,,,,,,,,,,,,,,,,,,,,,,,,,,,,,,,,,,,,,,,,,,,,,,,,,,,,,,,,,,,,,,,,,,,,,,
2012-04-30,2012-05-31,230455.02,231203.25,0.32,-4.37,"REGN, VRSK, EQIX, TSCO, CTRX-201507, SBAC, ULTA, CTAS, PETM-201503, PNRA-201707",,,,,,,,,,,,,,,,,,,,,,,,,,,,,,,,,,,,,,,,,,,,,,,,,,,,,,,,,,,,,,,,,,,,,,,,,,,,33.33,0.29,33.33,1.35,33.33,-0.66,,,,,,,,,,,,,,,,,,,,,,,,,,,,,,,,,,,,,,,,,,,,,,,,,,,,,,,,,,,,,,,,,,,,,,,,,,,,,,,,,,,,,,,,,,,,,,,,,,,,,,,,,,,,,,,,,,,,,,,,,,,,,,,,,,,,,,,,,,,,,,,,,,,,,,,,,,,,,,,,,,,,,,,,,,,,,,,,
2012-05-31,2012-06-29,232215.48,229411.11,-1.21,1.65,"REGN, EQIX, VRSK, TSCO, PETM-201503, SBAC, ULTA, CTRX-201507, LULU, BMRN",,,,,,,,,,,,,,,,,,,,,,,,,,,,,,,,,,,,,,,,,,,,,,,,,,,,,,,,,,,,,,,,,,,,,,,,,,,,33.33,-15.8,33.33,4.49,33.33,7.69,,,,,,,,,,,,,,,,,,,,,,,,,,,,,,,,,,,,,,,,,,,,,,,,,,,,,,,,,,,,,,,,,,,,,,,,,,,,,,,,,,,,,,,,,,,,,,,,,,,,,,,,,,,,,,,,,,,,,,,,,,,,,,,,,,,,,,,,,,,,,,,,,,,,,,,,,,,,,,,,,,,,,,,,,,,,,,,,
2012-06-29,2012-07-31,230378.15,238229.65,3.41,-0.07,"REGN, EQIX, SBAC, CTRX-201507, PETM-201503, VRSK, ULTA, WBD, JBHT, SWKS",,,,,,,,,,,,,,,,,,,,,,,,,,,,,,,,,,,,,,,,,,,,,,,,,,,,,,,,,,,,,,,,,,,,,,,,,,,,33.33,17.89,33.33,-9.1,33.33,1.44,,,,,,,,,,,,,,,,,,,,,,,,,,,,,,,,,,,,,,,,,,,,,,,,,,,,,,,,,,,,,,,,,,,,,,,,,,,,,,,,,,,,,,,,,,,,,,,,,,,,,,,,,,,,,,,,,,,,,,,,,,,,,,,,,,,,,,,,,,,,,,,,,,,,,,,,,,,,,,,,,,,,,,,,,,,,,,,,
2012-07-31,2012-08-31,239161.05,256777.64,7.37,5.2,"REGN, SBAC, VRSK, PETM-201503, EQIX, ASML, CHTR, CTRX-201507, PPLI, WBD",ULTA→SBAC,,,,,,,,,,,,,,,,,,,,,,,,,,,,,,,,,,,,,,,,,,,,,,,,,,,,,,,,,,,,,,,,,,,,,,,,,,,33.33,9.95,,,33.33,10.93,33.33,1.22,,,,,,,,,,,,,,,,,,,,,,,,,,,,,,,,,,,,,,,,,,,,,,,,,,,,,,,,,,,,,,,,,,,,,,,,,,,,,,,,,,,,,,,,,,,,,,,,,,,,,,,,,,,,,,,,,,,,,,,,,,,,,,,,,,,,,,,,,,,,,,,,,,,,,,,,,,,,,,,,,,,,,,,,,,,,,,
2012-08-31,2012-09-28,257737.39,268547.66,4.19,1.85,"SBAC, EQIX, PETM-201503, REGN, ASML, CHTR, VRSK, STRZA-201612, LKQ, CTRX-201507",,,,,,,,,,,,,,,,,,,,,,,,,,,,,,,,,,,,,,,,,,,,,,,,,,,,,,,,,,,,,,,,,,,,,,,,,,,,33.33,3.11,,,33.33,4.25,33.33,5.22,,,,,,,,,,,,,,,,,,,,,,,,,,,,,,,,,,,,,,,,,,,,,,,,,,,,,,,,,,,,,,,,,,,,,,,,,,,,,,,,,,,,,,,,,,,,,,,,,,,,,,,,,,,,,,,,,,,,,,,,,,,,,,,,,,,,,,,,,,,,,,,,,,,,,,,,,,,,,,,,,,,,,,,,,,,,,,
2012-09-28,2012-10-31,269663.32,241706.26,-10.37,-2.86,"MLNX-202004, ONXX-201309, SBAC, EQIX, CNQR-201412, PETM-201503, CHTR, LBTYA, WBD, TWTC-201410",REGN→MLNX-202004,,,,,,,,,,,,,,,,,,,,,,,,,,,,,,,,,,,,,,,,,,,,,,,,,,,,,,,,,,,,,,,,,,,,,,,,,,,,,,,33.33,-12.36,33.33,5.5,33.33,-24.25,,,,,,,,,,,,,,,,,,,,,,,,,,,,,,,,,,,,,,,,,,,,,,,,,,,,,,,,,,,,,,,,,,,,,,,,,,,,,,,,,,,,,,,,,,,,,,,,,,,,,,,,,,,,,,,,,,,,,,,,,,,,,,,,,,,,,,,,,,,,,,,,,,,,,,,,,,,,,,,,,,,,,,,,,,,,
2012-10-31,2012-11-30,242696.67,245046.12,0.97,4.04,"SBAC, ONXX-201309, REGN, LBTYA, STRZA-201612, CHTR, EQIX, LKQ, TWTC-201410, RGLD",MLNX-202004→ONXX-201309,,,,,,,,,,,,,,,,,,,,,,,,,,,,,,,,,,,,,,,,,,,,,,,,,,,,,,,,,,,,,,,,,,,,,,,,,,,,,,,33.33,2.86,33.33,3.7,,,33.33,-3.66,,,,,,,,,,,,,,,,,,,,,,,,,,,,,,,,,,,,,,,,,,,,,,,,,,,,,,,,,,,,,,,,,,,,,,,,,,,,,,,,,,,,,,,,,,,,,,,,,,,,,,,,,,,,,,,,,,,,,,,,,,,,,,,,,,,,,,,,,,,,,,,,,,,,,,,,,,,,,,,,,,,,,,,,,,
2012-11-30,2012-12-31,246000.86,257662.59,4.74,2.0,"SBAC, REGN, STRZA-201612, ONXX-201309, LBTYA, LKQ, EQIX, TWTC-201410, DISH-202312, WBD",,,,,,,,,,,,,,,,,,,,,,,,,,,,,,,,,,,,,,,,,,,,,,,,,,,,,,,,,,,,,,,,,,,,,,,,,,,,,,,,33.33,11.0,33.33,3.14,,,33.33,0.08,,,,,,,,,,,,,,,,,,,,,,,,,,,,,,,,,,,,,,,,,,,,,,,,,,,,,,,,,,,,,,,,,,,,,,,,,,,,,,,,,,,,,,,,,,,,,,,,,,,,,,,,,,,,,,,,,,,,,,,,,,,,,,,,,,,,,,,,,,,,,,,,,,,,,,,,,,,,,,,,,,,,,,,,,,
2012-12-31,2013-01-31,258643.39,263704.72,1.96,8.1,"ARMH-201609, ILMN, MDVN-201609, NDSN, CTAS, URBN, DISH-202312, ASML, LKQ, RYAAY","EQIX→ARMH-201609, ONXX-201309→ILMN, SBAC→MDVN-201609",,,,,,,,,33.33,-8.92,,,,,,,,,,,,,,,,,,,,,,,,,,,,,,,,,,,,,,,,,,,,,,,,,,,,,,,,,,,,,,,,,,,,,,,,,,,,,33.33,8.54,33.33,6.25,,,,,,,,,,,,,,,,,,,,,,,,,,,,,,,,,,,,,,,,,,,,,,,,,,,,,,,,,,,,,,,,,,,,,,,,,,,,,,,,,,,,,,,,,,,,,,,,,,,,,,,,,,,,,,,,,,,,,,,,,,,,,,,,,,,,,,,,,,,,,,,,,,,,,,,,,,,,,,,,,,,,,,
2013-01-31,2013-02-28,264719.45,260875.74,-1.45,-0.25,"ARMH-201609, RYAAY, TRMB, MDVN-201609, URBN, JBHT, NDSN, BB, LKQ, ASML",ILMN→RYAAY,,,,,,,,,,,,,,,,,,,,,,,,,,,,,,,,,,,,,,,,,,,,,,,,,,,,,,,,,,,,,,,,,,,,,,,,,,,,,,,,,,,,,,,33.33,5.99,33.33,-9.6,33.33,-0.74,,,,,,,,,,,,,,,,,,,,,,,,,,,,,,,,,,,,,,,,,,,,,,,,,,,,,,,,,,,,,,,,,,,,,,,,,,,,,,,,,,,,,,,,,,,,,,,,,,,,,,,,,,,,,,,,,,,,,,,,,,,,,,,,,,,,,,,,,,,,,,,,,,,,,,,,,,,,,,,,,,,,
2013-02-28,2013-03-29,261855.92,267150.58,2.02,3.29,"NFLX, ARMH-201609, RYAAY, QGEN, BMRN, JBHT, URBN, ASML, BEAV-201704, NDSN",MDVN-201609→NFLX,,,,,,,,,,,,,,,,,,,,,,,,,,,,,,,,,,,,,,,,,,,,,,,33.33,0.64,,,,,,,,,,,,,,,,,,,,,,,,,,,,,,,,,,,,,,,33.33,-2.64,,,33.33,8.07,,,,,,,,,,,,,,,,,,,,,,,,,,,,,,,,,,,,,,,,,,,,,,,,,,,,,,,,,,,,,,,,,,,,,,,,,,,,,,,,,,,,,,,,,,,,,,,,,,,,,,,,,,,,,,,,,,,,,,,,,,,,,,,,,,,,,,,,,,,,,,,,,,,,,,,,,,,,,,,,,,,,
2013-03-29,2013-04-30,268062.8,293859.0,9.62,4.83,"NFLX, WOLF, JBHT, CHTR, BMRN, RYAAY, BEAV-201704, ARMH-201609, ONXX-201309, CPRT",ARMH-201609→WOLF,,,,,,,,,,,,,,,,,,,,,,,,,,,,,,,,,,,,,,,,,,,33.33,6.0,,,33.33,18.44,,,,,,,,,,,,,,,,,,,,,,,,,,,,,,,,,,,,,,,,,,,33.33,4.43,,,,,,,,,,,,,,,,,,,,,,,,,,,,,,,,,,,,,,,,,,,,,,,,,,,,,,,,,,,,,,,,,,,,,,,,,,,,,,,,,,,,,,,,,,,,,,,,,,,,,,,,,,,,,,,,,,,,,,,,,,,,,,,,,,,,,,,,,,,,,,,,,,,,,,,,,,,,,,,,,,,,
2013-04-30,2013-05-31,294774.44,322003.25,9.24,5.14,"WOLF, NFLX, CHTR, BMRN, RYAAY, BEAV-201704, ARMH-201609, HAS, ONXX-201309, TSLA",,,,,,,,,,,,,,,,,,,,,,,,,,,,,,,,,,,,,,,,,,,,33.33,10.22,,,33.33,4.71,,,,,,,,,,,,,,,,,,,,,,,,,,,,,,,,,,,,,,,,,,,33.33,12.78,,,,,,,,,,,,,,,,,,,,,,,,,,,,,,,,,,,,,,,,,,,,,,,,,,,,,,,,,,,,,,,,,,,,,,,,,,,,,,,,,,,,,,,,,,,,,,,,,,,,,,,,,,,,,,,,,,,,,,,,,,,,,,,,,,,,,,,,,,,,,,,,,,,,,,,,,,,,,,,,,,,,
2013-05-31,2013-06-28,322999.62,324178.12,0.36,-1.08,"TSLA, GMCR-201603, CHTR, NFLX, WOLF, RYAAY, BEAV-201704, ARMH-201609, ASML, HAS",,,,,,,,,,,,,,,,,,,,,,,,,,,,,,,,,,,,,,,,,,,,33.33,2.37,,,33.33,-6.7,,,,,,,,,,,,,,,,,,,,,,,,,,,,,,,,,,,,,,,,,,,33.33,5.42,,,,,,,,,,,,,,,,,,,,,,,,,,,,,,,,,,,,,,,,,,,,,,,,,,,,,,,,,,,,,,,,,,,,,,,,,,,,,,,,,,,,,,,,,,,,,,,,,,,,,,,,,,,,,,,,,,,,,,,,,,,,,,,,,,,,,,,,,,,,,,,,,,,,,,,,,,,,,,,,,,,,
2013-06-28,2013-07-31,325074.81,362528.56,11.52,8.46,"TSLA, WOLF, CHTR, RYAAY, GMCR-201603, EA, ILMN, BEAV-201704, MLCO, HAS",NFLX→TSLA,,,,,,,,,,,,,,,,,,,,,,,,,,,,,,,,,,,,,,,,,,,33.33,9.51,,,,,,,,,,,,,,,,,,,,,,,,,,,,,,,,,,,,,,,,,,,,,,,33.33,-0.02,33.33,25.07,,,,,,,,,,,,,,,,,,,,,,,,,,,,,,,,,,,,,,,,,,,,,,,,,,,,,,,,,,,,,,,,,,,,,,,,,,,,,,,,,,,,,,,,,,,,,,,,,,,,,,,,,,,,,,,,,,,,,,,,,,,,,,,,,,,,,,,,,,,,,,,,,,,,,,,,,,,,,,,,,,
2013-07-31,2013-08-30,363587.49,343353.74,-5.57,-0.17,"RYAAY, WOLF, GMCR-201603, EA, BEAV-201704, ILMN, SPLK-202403, MLCO, HAS, TSCO",TSLA→GMCR-201603,,,,,,,,,,,,,,,,,,,,,,,,,,,,,,,,,,,33.33,11.8,,,,,,,33.33,-20.62,,,,,,,,,,,,,,,,,,,,,,,,,,,,,,,,,,,,,,,,,,,,,,,33.33,-7.88,,,,,,,,,,,,,,,,,,,,,,,,,,,,,,,,,,,,,,,,,,,,,,,,,,,,,,,,,,,,,,,,,,,,,,,,,,,,,,,,,,,,,,,,,,,,,,,,,,,,,,,,,,,,,,,,,,,,,,,,,,,,,,,,,,,,,,,,,,,,,,,,,,,,,,,,,,,,,,,,,,,,
2013-08-30,2013-09-30,344300.4,363697.84,5.63,5.19,"BEAV-201704, ILMN, MLCO, EA, TRIP, RYAAY, SGEN-202312, NTES, LKQ, ASML","GMCR-201603→BEAV-201704, WOLF→ILMN",,,,,,,,,33.33,3.84,,,,,,,,,,,,,,,,,,,,,,,,,,,,,,,,,,,,,,,,,,,,,,,,,,,,,,,,,,,,,,,,,,,,,,,,,,,,,,,,,33.33,4.8,,,33.33,8.26,,,,,,,,,,,,,,,,,,,,,,,,,,,,,,,,,,,,,,,,,,,,,,,,,,,,,,,,,,,,,,,,,,,,,,,,,,,,,,,,,,,,,,,,,,,,,,,,,,,,,,,,,,,,,,,,,,,,,,,,,,,,,,,,,,,,,,,,,,,,,,,,,,,,,,,,,,,,,,,,
2013-09-30,2013-10-31,364639.47,387242.76,6.2,2.05,"TCOM, CNQR-201412, MLCO, LKQ, ASML, ILMN, BEAV-201704, FLEX, TRIP, EA",RYAAY→TCOM,,,,,,,,,33.33,15.69,,,,,,,,,,,,,,,,,,,,,,,,,,,,,,,,,,,,,,,,,,,,,,,,,,,,,,,,,,,,,,,,,,,,,,,,,,,,,,,,,,,,,33.33,9.94,33.33,-7.03,,,,,,,,,,,,,,,,,,,,,,,,,,,,,,,,,,,,,,,,,,,,,,,,,,,,,,,,,,,,,,,,,,,,,,,,,,,,,,,,,,,,,,,,,,,,,,,,,,,,,,,,,,,,,,,,,,,,,,,,,,,,,,,,,,,,,,,,,,,,,,,,,,,,,,,,,,,,,,
2013-10-31,2013-11-29,388234.2,391585.15,0.86,2.32,"TCOM, BEAV-201704, MLCO, SLXP-201503, MEOH, SPLK-202403, CNQR-201412, ILMN, LECO, TRIP",ILMN→MLCO,,,,,,,,,,,,,,,,,,,,,,,,,,,,,,,,,,,,,,,,,,,,,,,,,,,,,,,,,,,,,,,,,,,,,,,,,,,,,,,,,,,,,,,,,,,,,,,33.33,7.2,33.33,-11.93,33.33,7.33,,,,,,,,,,,,,,,,,,,,,,,,,,,,,,,,,,,,,,,,,,,,,,,,,,,,,,,,,,,,,,,,,,,,,,,,,,,,,,,,,,,,,,,,,,,,,,,,,,,,,,,,,,,,,,,,,,,,,,,,,,,,,,,,,,,,,,,,,,,,,,,,,,,,,,,,,,,,
2013-11-29,2013-12-31,392540.31,410970.03,4.69,2.35,"BEAV-201704, MEOH, MLCO, SLXP-201503, TRIP, CTAS, TCOM, TSCO, ILMN, SPLK-202403",,,,,,,,,,,,,,,,,,,,,,,,,,,,,,,,,,,,,,,,,,,,,,,,,,,,,,,,,,,,,,,,,,,,,,,,,,,,,,,,,,,,,,,,,,,,,,,,33.33,0.03,33.33,3.85,33.33,10.2,,,,,,,,,,,,,,,,,,,,,,,,,,,,,,,,,,,,,,,,,,,,,,,,,,,,,,,,,,,,,,,,,,,,,,,,,,,,,,,,,,,,,,,,,,,,,,,,,,,,,,,,,,,,,,,,,,,,,,,,,,,,,,,,,,,,,,,,,,,,,,,,,,,,,,,,,,,,
2013-12-31,2014-01-31,411920.54,433365.96,5.21,-4.58,"JAZZ, INCY, ENDPQ-202405, MLCO, BEAV-201704, VRSN, CTAS, SPLK-202403, GT, MEOH",TCOM→JAZZ,,,,,,,,,,,,,,,,,,,,,,,,,,,,,,,,,,,,,,,,,,,,,,,,,,,,,,,,,,,,,,,,,,,,,,,,,,,,,,,,,,,,,,,,,,,,,,,33.33,-8.73,,,33.33,4.51,33.33,19.83,,,,,,,,,,,,,,,,,,,,,,,,,,,,,,,,,,,,,,,,,,,,,,,,,,,,,,,,,,,,,,,,,,,,,,,,,,,,,,,,,,,,,,,,,,,,,,,,,,,,,,,,,,,,,,,,,,,,,,,,,,,,,,,,,,,,,,,,,,,,,,,,,,,,,,,,,,
2014-01-31,2014-02-28,434356.15,438661.06,0.99,6.24,"JAZZ, INCY, ENDPQ-202405, VRSN, MLCO, SPLK-202403, CTAS, BEAV-201704, GT, CNQR-201412",BEAV-201704→INCY,,,,,,,,,,,,,,,,,,,,,,,,,,,,,,,,,,,,,,,,,,,,,,,,,,,,,,,,,,,,,,,,,,,,,,,,,,,,,,,,,,,,,,,,,,,,,,,,,,,33.33,4.71,33.33,0.19,33.33,-1.92,,,,,,,,,,,,,,,,,,,,,,,,,,,,,,,,,,,,,,,,,,,,,,,,,,,,,,,,,,,,,,,,,,,,,,,,,,,,,,,,,,,,,,,,,,,,,,,,,,,,,,,,,,,,,,,,,,,,,,,,,,,,,,,,,,,,,,,,,,,,,,,,,,,,,,,,
2014-02-28,2014-03-31,439794.82,387910.43,-11.8,-5.36,"JAZZ, ENDPQ-202405, SPLK-202403, INCY, MLCO, CTAS, MEOH, GT, IDXX, CNQR-201412",,,,,,,,,,,,,,,,,,,,,,,,,,,,,,,,,,,,,,,,,,,,,,,,,,,,,,,,,,,,,,,,,,,,,,,,,,,,,,,,,,,,,,,,,,,,,,,,,,,,33.33,-9.95,33.33,-8.73,33.33,-16.71,,,,,,,,,,,,,,,,,,,,,,,,,,,,,,,,,,,,,,,,,,,,,,,,,,,,,,,,,,,,,,,,,,,,,,,,,,,,,,,,,,,,,,,,,,,,,,,,,,,,,,,,,,,,,,,,,,,,,,,,,,,,,,,,,,,,,,,,,,,,,,,,,,,,,,,,
2014-03-31,2014-04-30,389029.44,347654.94,-10.64,-5.84,"ICPT-202311, SLXP-201503, JAZZ, ENDPQ-202405, DOX, SWKS, INCY, GT, CTAS, SCTY-201611",MLCO→ICPT-202311,,,,,,,,,,,,,,,,,,,,,,,,,,,,,,,,,,,,,,,,,,,,,,,,,,,,,,,,,,,,,,,,,,,,,,,,,,,,,,,,,,,,,,,,,,,,,,,,,,,,,33.33,-2.73,33.33,-9.27,33.33,-19.91,,,,,,,,,,,,,,,,,,,,,,,,,,,,,,,,,,,,,,,,,,,,,,,,,,,,,,,,,,,,,,,,,,,,,,,,,,,,,,,,,,,,,,,,,,,,,,,,,,,,,,,,,,,,,,,,,,,,,,,,,,,,,,,,,,,,,,,,,,,,,,,,,,,,,,
2014-04-30,2014-05-30,348660.13,346861.91,-0.52,1.58,"ICPT-202311, JAZZ, SLXP-201503, SWKS, GT, DOX, MRVL, MCHP, ENDPQ-202405, OTEX",INCY→SLXP-201503,,,,,,,,,,,,,,,,,,,,,,,,,,,,,,,,,,,,,,,,,,,,,,,,,,,,,,,,,,,,,,,,,,,,,,,,,,,,,,,,,,,,,,,,,,,,,,,,,,,,,33.33,5.16,,,33.33,-10.42,33.33,3.71,,,,,,,,,,,,,,,,,,,,,,,,,,,,,,,,,,,,,,,,,,,,,,,,,,,,,,,,,,,,,,,,,,,,,,,,,,,,,,,,,,,,,,,,,,,,,,,,,,,,,,,,,,,,,,,,,,,,,,,,,,,,,,,,,,,,,,,,,,,,,,,,,,,,
2014-05-30,2014-06-30,347809.59,367010.94,5.52,4.78,"ICPT-202311, SWKS, IDXX, DOX, SLXP-201503, CTAS, ENDPQ-202405, JAZZ, EA, GT",JAZZ→SWKS,,,,,,,,,,,,,,,,,,,,,,,,,,,,,,,,,,,,,,,,,,,,,,,,,,,,,,,,,,,,,,,,,,,,,,,,,,,,,,,,,,,,,,,,,,,,,,,,,,,,,,,,,33.33,0.01,33.33,8.13,33.33,8.43,,,,,,,,,,,,,,,,,,,,,,,,,,,,,,,,,,,,,,,,,,,,,,,,,,,,,,,,,,,,,,,,,,,,,,,,,,,,,,,,,,,,,,,,,,,,,,,,,,,,,,,,,,,,,,,,,,,,,,,,,,,,,,,,,,,,,,,,,,,,,,,,,,
2014-06-30,2014-07-31,367968.71,384192.56,4.41,-2.66,"SWKS, ICPT-202311, CAR, IDXX, PPC, SLXP-201503, WINMQ-202009, JAZZ, DOX, CTAS",,,,,,,,,,,,,,,,,,,,,,,,,,,,,,,,,,,,,,,,,,,,,,,,,,,,,,,,,,,,,,,,,,,,,,,,,,,,,,,,,,,,,,,,,,,,,,,,,,,,,,,,,,33.33,-1.8,33.33,6.94,33.33,8.09,,,,,,,,,,,,,,,,,,,,,,,,,,,,,,,,,,,,,,,,,,,,,,,,,,,,,,,,,,,,,,,,,,,,,,,,,,,,,,,,,,,,,,,,,,,,,,,,,,,,,,,,,,,,,,,,,,,,,,,,,,,,,,,,,,,,,,,,,,,,,,,,,,
2014-07-31,2014-08-29,385076.71,435535.51,13.1,4.72,"SWKS, PPC, WINMQ-202009, CAR, SLXP-201503, IDXX, CTAS, FTRCQ-202104, DOX, LRCX",ICPT-202311→PPC,,,,,,,,,,,,,,,,,,,,,,,,,,,,,,,,,,,,,,,,,,,,,,,,,,,,,,,,,,,,,,,,,,,,,,,,,,,,,,,,,,,,,,,,,,,,,,,,,,,,,,,,,,,33.33,20.62,33.33,11.86,33.33,6.83,,,,,,,,,,,,,,,,,,,,,,,,,,,,,,,,,,,,,,,,,,,,,,,,,,,,,,,,,,,,,,,,,,,,,,,,,,,,,,,,,,,,,,,,,,,,,,,,,,,,,,,,,,,,,,,,,,,,,,,,,,,,,,,,,,,,,,,,,,,,,,,,
2014-08-29,2014-09-30,436525.74,440832.0,0.99,-3.21,"CAR, SWKS, WINMQ-202009, PPC, SLXP-201503, FTRCQ-202104, LRCX, CTAS, ICPT-202311, OTEX",,,,,,,,,,,,,,,,,,,,,,,,,,,,,,,,,,,,,,,,,,,,,,,,,,,,,,,,,,,,,,,,,,,,,,,,,,,,,,,,,,,,,,,,,,,,,,,,,,,,,,,,,,,,33.33,-1.8,33.33,2.45,33.33,2.31,,,,,,,,,,,,,,,,,,,,,,,,,,,,,,,,,,,,,,,,,,,,,,,,,,,,,,,,,,,,,,,,,,,,,,,,,,,,,,,,,,,,,,,,,,,,,,,,,,,,,,,,,,,,,,,,,,,,,,,,,,,,,,,,,,,,,,,,,,,,,,,,
2014-09-30,2014-10-31,441883.3,420322.14,-4.88,3.68,"SLXP-201503, SWKS, GLNG, PPC, WINMQ-202009, CAR, LRCX, FTRCQ-202104, CTAS, MDVN-201609",,,,,,,,,,,,,,,,,,,,,,,,,,,,,,,,,,,,,,,,,,,,,,,,,,,,,,,,,,,,,,,,,,,,,,,,,,,,,,,,,,,,,,,,,,,,,,,,,,,,,,,,,,,,33.33,-7.93,33.33,0.33,33.33,-7.04,,,,,,,,,,,,,,,,,,,,,,,,,,,,,,,,,,,,,,,,,,,,,,,,,,,,,,,,,,,,,,,,,,,,,,,,,,,,,,,,,,,,,,,,,,,,,,,,,,,,,,,,,,,,,,,,,,,,,,,,,,,,,,,,,,,,,,,,,,,,,,,,
2014-10-31,2014-11-28,421318.24,422969.86,0.39,4.74,"SWKS, MDVN-201609, CTAS, LRCX, SLXP-201503, PPC, NTES, WINMQ-202009, GLNG, JAZZ",,,,,,,,,,,,,,,,,,,,,,,,,,,,,,,,,,,,,,,,,,,,,,,,,,,,,,,,,,,,,,,,,,,,,,,,,,,,,,,,,,,,,,,,,,,,,,,,,,,,,,,,,,,,33.33,-28.61,33.33,16.1,33.33,13.69,,,,,,,,,,,,,,,,,,,,,,,,,,,,,,,,,,,,,,,,,,,,,,,,,,,,,,,,,,,,,,,,,,,,,,,,,,,,,,,,,,,,,,,,,,,,,,,,,,,,,,,,,,,,,,,,,,,,,,,,,,,,,,,,,,,,,,,,,,,,,,,,
2014-11-28,2014-12-31,423959.62,428345.93,1.03,-1.79,"SWKS, NTES, MDVN-201609, LRCX, CTAS, PPC, EA, IDXX, FTRCQ-202104, INCY",SLXP-201503→NTES,,,,,,,,,,,,,,,,,,,,,,,,,,,,,,,33.33,-6.18,,,,,,,,,,,,,,,,,,,,,,,,,,,,,,,,,,,,,,,,,,,,,,,,,,,,,,,,,,,,,,,,,,,,,,,,,,,,,33.33,7.77,33.33,1.52,,,,,,,,,,,,,,,,,,,,,,,,,,,,,,,,,,,,,,,,,,,,,,,,,,,,,,,,,,,,,,,,,,,,,,,,,,,,,,,,,,,,,,,,,,,,,,,,,,,,,,,,,,,,,,,,,,,,,,,,,,,,,,,,,,,,,,,,,,,,,,,,
2014-12-31,2015-01-30,429305.5,447393.71,4.21,1.98,"SWKS, CTAS, ODFL, NCLH, PPC, RYAAY, FFIV, NTES, FTRCQ-202104, ULTA",NTES→CTAS,,,,,,,,,,,,,,,,,,,,,,,,,,,,,,,,,,,,,,,,,,,,,,,,,,,,,,,,,,,,,,,,,,,,,,,,,,,,,,,,,,,,,,,,,,,,,,,,,,,,,,,,,,,,,33.33,14.22,33.33,-1.91,33.33,0.33,,,,,,,,,,,,,,,,,,,,,,,,,,,,,,,,,,,,,,,,,,,,,,,,,,,,,,,,,,,,,,,,,,,,,,,,,,,,,,,,,,,,,,,,,,,,,,,,,,,,,,,,,,,,,,,,,,,,,,,,,,,,,,,,,,,,,,,,,,,,,,
2015-01-30,2015-02-27,448352.39,467679.34,4.31,7.47,"SWKS, CTAS, IDXX, ULTA, NTES, NCLH, PPC, BMRN, ALKS, ODFL",,,,,,,,,,,,,,,,,,,,,,,,,,,,,,,,,,,,,,,,,,,,,,,,,,,,,,,,,,,,,,,,,,,,,,,,,,,,,,,,,,,,,,,,,,,,,,,,,,,,,,,,,,,,,,33.33,5.83,33.33,1.03,33.33,6.07,,,,,,,,,,,,,,,,,,,,,,,,,,,,,,,,,,,,,,,,,,,,,,,,,,,,,,,,,,,,,,,,,,,,,,,,,,,,,,,,,,,,,,,,,,,,,,,,,,,,,,,,,,,,,,,,,,,,,,,,,,,,,,,,,,,,,,,,,,,,,,
2015-02-27,2015-03-31,468681.38,467725.22,-0.2,1.91,"SWKS, CTAS, FTRCQ-202104, ULTA, NCLH, UTHR, HOLX-202604, ODFL, NTES, ALKS",PPC→FTRCQ-202104,,,,,,,,,,,,,,,,,,,,,,,,,,,,,,,,,,,,,,,,,,,,,,,,,,,,,,,,,,,,,,,,,,,,,,,,,,,,,,,,,,,,,,,,,,,,,,,,,,,,,,,,,,,,,33.33,12.01,,,33.33,-2.22,33.33,-10.41,,,,,,,,,,,,,,,,,,,,,,,,,,,,,,,,,,,,,,,,,,,,,,,,,,,,,,,,,,,,,,,,,,,,,,,,,,,,,,,,,,,,,,,,,,,,,,,,,,,,,,,,,,,,,,,,,,,,,,,,,,,,,,,,,,,,,,,,,,,,
2015-03-31,2015-04-30,468790.14,440209.88,-6.1,-0.6,"SWKS, BMRN, INCY, CTAS, NCLH, HOLX-202604, MDVN-201609, CDW, IDXX, UTHR",FTRCQ-202104→BMRN,,,,,,,,,,,,,,,,,,,,,,,,,,,,,,,,,,,,,,,,,,,,,,,,,,,,,,,,,,,,,,,,,,,,,,,33.33,-10.09,,,,,,,,,,,,,,,,,,,,,,,,,,,,,,,,,,,,,33.33,-6.15,,,33.33,-2.06,,,,,,,,,,,,,,,,,,,,,,,,,,,,,,,,,,,,,,,,,,,,,,,,,,,,,,,,,,,,,,,,,,,,,,,,,,,,,,,,,,,,,,,,,,,,,,,,,,,,,,,,,,,,,,,,,,,,,,,,,,,,,,,,,,,,,,,,,,,,,,
2015-04-30,2015-05-29,441081.61,505982.35,14.71,5.23,"INCY, SWKS, BMRN, NCLH, HOLX-202604, MDVN-201609, ENDPQ-202405, UTHR, CDW, ULTA",CTAS→INCY,,,,,,,,,,,,,,,,,,,,,,,,,,,,,,,,,,,,,,,,,,,,,,,,,,,,,,,,,,,,,,,,,,,,,,,33.33,12.07,,,,,,,,,,,,,,,,,,,,,,,,,,,,,,,33.33,13.37,,,,,33.33,18.71,,,,,,,,,,,,,,,,,,,,,,,,,,,,,,,,,,,,,,,,,,,,,,,,,,,,,,,,,,,,,,,,,,,,,,,,,,,,,,,,,,,,,,,,,,,,,,,,,,,,,,,,,,,,,,,,,,,,,,,,,,,,,,,,,,,,,,,,,,,,,,,,,,
2015-05-29,2015-06-30,506986.62,504831.65,-0.43,-1.93,"SWKS, NTES, BMRN, INCY, HOLX-202604, IONS, CTAS, NCLH, HAS, ULTA",,,,,,,,,,,,,,,,,,,,,,,,,,,,,,,,,,,,,,,,,,,,,,,,,,,,,,,,,,,,,,,,,,,,,,,,33.33,8.93,,,,,,,,,,,,,,,,,,,,,,,,,,,,,,,33.33,-5.39,,,,,33.33,-4.81,,,,,,,,,,,,,,,,,,,,,,,,,,,,,,,,,,,,,,,,,,,,,,,,,,,,,,,,,,,,,,,,,,,,,,,,,,,,,,,,,,,,,,,,,,,,,,,,,,,,,,,,,,,,,,,,,,,,,,,,,,,,,,,,,,,,,,,,,,,,,,,,,,
2015-06-30,2015-07-31,505835.31,503992.96,-0.36,1.4,"NTES, SWKS, HOLX-202604, BMRN, HAS, UTHR, INCY, DOX, TW-201601, JBLU",,,,,,,,,,,,,,,,,,,,,,,,,,,,,,,,,,,,,,,,,,,,,,,,,,,,,,,,,,,,,,,,,,,,,,,,33.33,6.94,,,,,,,,,,,,,,,,,,,,,,,,,,,,,,,33.33,0.07,,,,,33.33,-8.1,,,,,,,,,,,,,,,,,,,,,,,,,,,,,,,,,,,,,,,,,,,,,,,,,,,,,,,,,,,,,,,,,,,,,,,,,,,,,,,,,,,,,,,,,,,,,,,,,,,,,,,,,,,,,,,,,,,,,,,,,,,,,,,,,,,,,,,,,,,,,,,,,,
2015-07-31,2015-08-31,504988.42,507291.83,0.46,-6.52,"HAS, INCY, ULTA, HOLX-202604, NCLH, JBLU, NTES, ALNY, DOX, SNPS","BMRN→HAS, SWKS→ULTA",,,,,,,,,,,,,,,,,,,,,,,,,,,,,,,,,,,,,,,,,,,,,,,,,,,,,,,,,,,,,,,,,,,,,,,,,,,,,33.33,-4.78,,,,,,,,,,,,,,,,,,,,,,,,,33.33,11.42,,,,,,,,,,,,,33.33,-5.27,,,,,,,,,,,,,,,,,,,,,,,,,,,,,,,,,,,,,,,,,,,,,,,,,,,,,,,,,,,,,,,,,,,,,,,,,,,,,,,,,,,,,,,,,,,,,,,,,,,,,,,,,,,,,,,,,,,,,,,,,,,,,,,,,,,,,,,,,,
2015-08-31,2015-09-30,508308.78,499835.5,-1.67,-5.37,"HOLX-202604, ULTA, SABR, INCY, NCLH, HAS, JBLU, DOX, RYAAY, EXPE",,,,,,,,,,,,,,,,,,,,,,,,,,,,,,,,,,,,,,,,,,,,,,,,,,,,,,,,,,,,,,,,,,,,,,,,,,,,,,33.33,3.33,,,,,,,,,,,,,,,,,,,,,,,,,33.33,-5.04,,,,,,,,,,,,,33.33,-3.28,,,,,,,,,,,,,,,,,,,,,,,,,,,,,,,,,,,,,,,,,,,,,,,,,,,,,,,,,,,,,,,,,,,,,,,,,,,,,,,,,,,,,,,,,,,,,,,,,,,,,,,,,,,,,,,,,,,,,,,,,,,,,,,,,,,,,,,,,,
2015-09-30,2015-10-30,500838.63,499277.65,-0.31,6.2,"ANAC-201606, DXCM, JBLU, HOLX-202604, FTNT, INCY, SSNC, NCLH, SABR, RYAAY","HAS→ANAC-201606, ULTA→DXCM",,,,,,,,,,,,,,,,,,,,,,,,,,,,,,,,,,,,,,,,,,,,,,,,,,,,,,,,,,,,,,,,,,,,,,,,,,,,,,,,,,,,,,,,,,,,,,,,,,,,,,,33.33,6.53,,,,,,,,,,,,,,,33.33,-4.5,33.33,-2.96,,,,,,,,,,,,,,,,,,,,,,,,,,,,,,,,,,,,,,,,,,,,,,,,,,,,,,,,,,,,,,,,,,,,,,,,,,,,,,,,,,,,,,,,,,,,,,,,,,,,,,,,,,,,,,,,,,,,,,,,,,,,,,,,,,,,,,
2015-10-30,2015-11-30,500266.98,505662.96,1.08,1.39,"ANAC-201606, JBLU, SABR, NCLH, VRSN, RYAAY, SSNC, DOX, GT, CTAS","DXCM→JBLU, INCY→SABR",,,,,,,,,,,,,,,,,,,,,,,,,,,,,,,,,,,,,,,,,,,,,,,,,,,,,,,,,,,,,,,,,,,,,,,,,,,,,,,,,,,,,,,,,,,,,,,,,,,,,,,,,,,,,,,,,,,,,,,33.33,3.84,,,33.33,-0.4,33.33,-0.2,,,,,,,,,,,,,,,,,,,,,,,,,,,,,,,,,,,,,,,,,,,,,,,,,,,,,,,,,,,,,,,,,,,,,,,,,,,,,,,,,,,,,,,,,,,,,,,,,,,,,,,,,,,,,,,,,,,,,,,,,,,,,,,,,,
2015-11-30,2015-12-31,506718.5,480055.66,-5.26,-1.67,"VRSN, ANAC-201606, JBLU, SABR, SSNC, HOLX-202604, RYAAY, DXCM, TCOM, MXIM-202108",,,,,,,,,,,,,,,,,,,,,,,,,,,,,,,,,,,,,,,,,,,,,,,,,,,,,,,,,,,,,,,,,,,,,,,,,,,,,,,,,,,,,,,,,,,,,,,,,,,,,,,,,,,,,,,,,,,,,,,,33.33,-3.22,,,33.33,-8.45,33.33,-4.12,,,,,,,,,,,,,,,,,,,,,,,,,,,,,,,,,,,,,,,,,,,,,,,,,,,,,,,,,,,,,,,,,,,,,,,,,,,,,,,,,,,,,,,,,,,,,,,,,,,,,,,,,,,,,,,,,,,,,,,,,,,,,,,,,,
2015-12-31,2016-01-29,481119.12,452408.79,-5.97,-9.41,"VRSN, JKHY, NTES, RYAAY, SABR, CDW, HOLX-202604, XRAY, ULTI-201905, JBLU","ANAC-201606→JKHY, JBLU→VRSN",,,,,,,,,,,,,,,,,,,,,,,,,,,,,,,,,,,,,,,,,,,,,,,,,,,,,,,,,,,,,,,,,,,,,,,,,,,,,,,,,,,,,,,,,,,,,,,,,,,,,,,,,,,,,,,,,,,,,,,,,,,,,33.33,-8.44,33.33,4.0,33.33,-13.46,,,,,,,,,,,,,,,,,,,,,,,,,,,,,,,,,,,,,,,,,,,,,,,,,,,,,,,,,,,,,,,,,,,,,,,,,,,,,,,,,,,,,,,,,,,,,,,,,,,,,,,,,,,,,,,,,,,,,,,,,,,,,,
2016-01-29,2016-02-29,453347.99,482695.02,6.47,1.67,"JKHY, VRSN, RYAAY, XRAY, SABR, CDW, NTES, ULTI-201905, HAS, ATHN-201902",,,,,,,,,,,,,,,,,,,,,,,,,,,,,,,,,,,,,,,,,,,,,,,,,,,,,,,,,,,,,,,,,,,,,,,,,,,,,,,,,,,,,,,,,,,,,,,,,,,,,,,,,,,,,,,,,,,,,,,,,,,,,,33.33,6.01,33.33,1.65,33.33,11.76,,,,,,,,,,,,,,,,,,,,,,,,,,,,,,,,,,,,,,,,,,,,,,,,,,,,,,,,,,,,,,,,,,,,,,,,,,,,,,,,,,,,,,,,,,,,,,,,,,,,,,,,,,,,,,,,,,,,,,,,,,,,,,
2016-02-29,2016-03-31,483648.46,507270.28,4.88,7.56,"JKHY, VRSN, NTES, RYAAY, SABR, DOX, CDNS, HAS, JBLU, XRAY",,,,,,,,,,,,,,,,,,,,,,,,,,,,,,,,,,,,,,,,,,,,,,,,,,,,,,,,,,,,,,,,,,,,,,,,,,,,,,,,,,,,,,,,,,,,,,,,,,,,,,,,,,,,,,,,,,,,,,,,,,,,,,33.33,7.03,33.33,2.83,33.33,4.79,,,,,,,,,,,,,,,,,,,,,,,,,,,,,,,,,,,,,,,,,,,,,,,,,,,,,,,,,,,,,,,,,,,,,,,,,,,,,,,,,,,,,,,,,,,,,,,,,,,,,,,,,,,,,,,,,,,,,,,,,,,,,,
2016-03-31,2016-04-29,508304.39,491535.91,-3.3,-0.89,"VRSN, JKHY, XRAY, FSLR, RYAAY, ALGN, CDNS, HAS, GT, LKQ",SABR→XRAY,,,,,,,,,,,,,,,,,,,,,,,,,,,,,,,,,,,,,,,,,,,,,,,,,,,,,,,,,,,,,,,,,,,,,,,,,,,,,,,,,,,,,,,,,,,,,,,,,,,,,,,,,,,,,,,,,,,,,,,,,,,,,,,33.33,-4.19,33.33,-2.42,33.33,-3.29,,,,,,,,,,,,,,,,,,,,,,,,,,,,,,,,,,,,,,,,,,,,,,,,,,,,,,,,,,,,,,,,,,,,,,,,,,,,,,,,,,,,,,,,,,,,,,,,,,,,,,,,,,,,,,,,,,,,,,,,,,,,
2016-04-29,2016-05-31,492514.25,503420.12,2.21,2.45,"VRSN, LKQ, JKHY, HAS, ALGN, CDNS, RYAAY, XRAY, GRMN, PPC",XRAY→LKQ,,,,,,,,,,,,,,,,,,,,,,,,,,,,,,,,,,,,,,,,,,,,,,,,,,,,,,,,,,,,,,,,,,,,,,,,,,,,,,,,,,,,,,,,,,,,,,,,,,,,,,,,,,,,,,,,,,,,,,,,,,,,,,,33.33,4.55,33.33,-1.09,,,33.33,3.18,,,,,,,,,,,,,,,,,,,,,,,,,,,,,,,,,,,,,,,,,,,,,,,,,,,,,,,,,,,,,,,,,,,,,,,,,,,,,,,,,,,,,,,,,,,,,,,,,,,,,,,,,,,,,,,,,,,,,,,,,,
2016-05-31,2016-06-30,504398.48,515553.21,2.21,-1.83,"JKHY, OTEX, PPC, ALGN, HAS, CHRW, CDNS, RYAAY, VRSN, LULU","LKQ→OTEX, VRSN→PPC",,,,,,,,,,,,,,,,,,,,,,,,,,,,,,,,,,,,,,,,,,,,,,,,,,,,,,,,,,,,,,,,,,,,,,,,,,,,,,,,,,,,,,,,,,,,,,,,,,,,,,,,,,,,,,,33.33,2.45,,,,,,,,,,,,,,,33.33,3.36,,,,,,,33.33,0.82,,,,,,,,,,,,,,,,,,,,,,,,,,,,,,,,,,,,,,,,,,,,,,,,,,,,,,,,,,,,,,,,,,,,,,,,,,,,,,,,,,,,,,,,,,,,,,,,,,,,,,,,,,,,,,,,,,,,,,,,
2016-06-30,2016-07-29,516532.76,527314.9,2.09,5.44,"OTEX, IDXX, JKHY, STLD, ALGN, HAS, FANG, CDNS, CHRW, VRSN",PPC→IDXX,,,,,,,,,,,,,,,,,,,,,,,,,,,,,,,,,,,,,,,,,,,,,,,,,,,,,,,,,,,,,,,,,,,,,,,,,,,,,,,,,,,,,,,,,,,,,,,,,,,,,,,,,,,,,,,,,,,,,,,,,,,,,,,33.33,2.27,,,,,,,33.33,2.99,33.33,1.0,,,,,,,,,,,,,,,,,,,,,,,,,,,,,,,,,,,,,,,,,,,,,,,,,,,,,,,,,,,,,,,,,,,,,,,,,,,,,,,,,,,,,,,,,,,,,,,,,,,,,,,,,,,,,,,,,,,,,,
2016-07-29,2016-08-31,528248.31,565934.83,7.13,-0.02,"IDXX, OTEX, STLD, CTAS, CDNS, JKHY, ALGN, FLEX, PPC, CDK-202207",,,,,,,,,,,,,,,,,,,,,,,,,,,,,,,,,,,,,,,,,,,,,,,,,,,,,,,,,,,,,,,,,,,,,,,,,,,,,,,,,,,,,,,,,,,,,,,,,,,,,,,,,,,,,,,,,,,,,,,,,,,,,,,,33.33,-2.22,,,,,,,33.33,3.48,33.33,20.14,,,,,,,,,,,,,,,,,,,,,,,,,,,,,,,,,,,,,,,,,,,,,,,,,,,,,,,,,,,,,,,,,,,,,,,,,,,,,,,,,,,,,,,,,,,,,,,,,,,,,,,,,,,,,,,,,,,,,,
2016-08-31,2016-09-30,566920.43,575205.22,1.46,-0.15,"MDVN-201609, IDXX, CTAS, ALGN, OTEX, SNPS, CDK-202207, MIDD, FANG, STLD",JKHY→MDVN-201609,,,,,,,,,,,,,,,,,,,,,,,,,,,,,,,,,,,,,,,,,,,,,,,,,,,,,,,,,,,,,,,,,,,,,,,,,,,,,,,,,,,,,,,,,33.33,1.09,,,,,,,,,,,,,,,,,,,,,,,,,,,,,,,,,,,,,,,,,,,,,33.33,3.25,33.33,0.04,,,,,,,,,,,,,,,,,,,,,,,,,,,,,,,,,,,,,,,,,,,,,,,,,,,,,,,,,,,,,,,,,,,,,,,,,,,,,,,,,,,,,,,,,,,,,,,,,,,,,,,,,,,,,,,,,,,,,,
2016-09-30,2016-10-31,576270.61,540899.19,-6.14,-2.7,"MELI, IDXX, OTEX, CTAS, ALGN, SNPS, TRMB, SGEN-202312, GRMN, CDK-202207",MDVN-201609→MELI,,,,,,,,,,,,,,,,,,,,,,,,,,,,,,,,,,,,,,,,,,,,,,,,,,,,,,,,,,,,,,,,,,,,,,,,,,,,,,,,,,,,,,,,,,,,,,,,,,,,,,,,,,,,,,,,,,,,,,,,,,,,,,,,,,,,,,,33.33,-4.29,33.33,-4.96,33.33,-9.17,,,,,,,,,,,,,,,,,,,,,,,,,,,,,,,,,,,,,,,,,,,,,,,,,,,,,,,,,,,,,,,,,,,,,,,,,,,,,,,,,,,,,,,,,,,,,,,,,,,,,,,,,,,,,,,,,,,,
2016-10-31,2016-11-30,541877.98,553620.9,2.17,5.22,"IDXX, MELI, OTEX, SNPS, GRMN, TRMB, CTAS, MRVL, ALGN, STLD",,,,,,,,,,,,,,,,,,,,,,,,,,,,,,,,,,,,,,,,,,,,,,,,,,,,,,,,,,,,,,,,,,,,,,,,,,,,,,,,,,,,,,,,,,,,,,,,,,,,,,,,,,,,,,,,,,,,,,,,,,,,,,,,,,,,,,,,33.33,2.76,33.33,9.81,33.33,-6.07,,,,,,,,,,,,,,,,,,,,,,,,,,,,,,,,,,,,,,,,,,,,,,,,,,,,,,,,,,,,,,,,,,,,,,,,,,,,,,,,,,,,,,,,,,,,,,,,,,,,,,,,,,,,,,,,,,,,
2016-11-30,2016-12-30,554629.37,549967.5,-0.84,-1.41,"STLD, IDXX, MRVL, SGEN-202312, GRMN, CTAS, FFIV, SNPS, ALGN, CDW","MELI→MRVL, OTEX→STLD",,,,,,,,,,,,,,,,,,,,,,,,,,,,,,,,,,,,,,,,,,,,,,,,,,,,,,,,,,,,,,,,,,,,,,,,,,,,,,,,,,,,,,,,,,,,,,,,,,,,,,,,,,,,,,,,,,,,,,,,,,,,,,,,,,,,,,,,,33.33,-0.32,,,33.33,-2.86,33.33,0.66,,,,,,,,,,,,,,,,,,,,,,,,,,,,,,,,,,,,,,,,,,,,,,,,,,,,,,,,,,,,,,,,,,,,,,,,,,,,,,,,,,,,,,,,,,,,,,,,,,,,,,,,,,,,,,,,
2016-12-30,2017-01-31,550946.13,562974.98,2.18,4.66,"STLD, TSRO-201901, NDSN, IDXX, ODFL, MRVL, JBHT, NTAP, FFIV, CPRT",,,,,,,,,,,,,,,,,,,,,,,,,,,,,,,,,,,,,,,,,,,,,,,,,,,,,,,,,,,,,,,,,,,,,,,,,,,,,,,,,,,,,,,,,,,,,,,,,,,,,,,,,,,,,,,,,,,,,,,,,,,,,,,,,,,,,,,,,,33.33,4.31,,,33.33,7.21,33.33,-4.97,,,,,,,,,,,,,,,,,,,,,,,,,,,,,,,,,,,,,,,,,,,,,,,,,,,,,,,,,,,,,,,,,,,,,,,,,,,,,,,,,,,,,,,,,,,,,,,,,,,,,,,,,,,,,,,,
2017-01-31,2017-02-28,563876.67,625353.39,10.9,5.24,"STLD, NDSN, ODFL, IDXX, NTAP, SNPS, CPRT, TSRO-201901, MRVL, JBHT",MRVL→NDSN,,,,,,,,,,,,,,,,,,,,,,,,,,,,,,,,,,,,,,,,,,,,,,,,,,,,,,,,,,,,,,,,,,,,,,,,,,,,,,,,,,,,,,,,,,,,,,,,,,,,,,,,,,,,,,,,,,,,,,,,,,,,,,,,,,,,,,,,,33.33,18.48,,,,,33.33,8.25,33.33,5.97,,,,,,,,,,,,,,,,,,,,,,,,,,,,,,,,,,,,,,,,,,,,,,,,,,,,,,,,,,,,,,,,,,,,,,,,,,,,,,,,,,,,,,,,,,,,,,,,,,,,,,,,,,,,,,
2017-02-28,2017-03-31,626338.92,635532.19,1.47,0.36,"STLD, TSRO-201901, IDXX, SNPS, CDW, FLEX, NDSN, VISN, CPRT, ODFL",,,,,,,,,,,,,,,,,,,,,,,,,,,,,,,,,,,,,,,,,,,,,,,,,,,,,,,,,,,,,,,,,,,,,,,,,,,,,,,,,,,,,,,,,,,,,,,,,,,,,,,,,,,,,,,,,,,,,,,,,,,,,,,,,,,,,,,,,,33.33,6.67,,,,,33.33,-4.6,33.33,2.33,,,,,,,,,,,,,,,,,,,,,,,,,,,,,,,,,,,,,,,,,,,,,,,,,,,,,,,,,,,,,,,,,,,,,,,,,,,,,,,,,,,,,,,,,,,,,,,,,,,,,,,,,,,,,,
2017-03-31,2017-04-28,636468.74,679588.69,6.77,1.99,"SNPS, ALGN, VISN, CPRT, CDNS, CDW, FLEX, CDK-202207, STLD, NDSN","IDXX→ALGN, NDSN→SNPS, STLD→VISN",,,,,,,,,,,,,,,,,,,,,,,,,,,,,,,,,,,,,,,,,,,,,,,,,,,,,,,,,,,,,,,,,,,,,,,,,,,,,,,,,,,,,,,,,,,,,,,,,,,,,,,,,,,,,,,,,,,,,,,,,,,,,,,,,,,,,,,,,,,,,,,,,,,33.33,17.36,33.33,2.18,33.33,0.79,,,,,,,,,,,,,,,,,,,,,,,,,,,,,,,,,,,,,,,,,,,,,,,,,,,,,,,,,,,,,,,,,,,,,,,,,,,,,,,,,,,,,,,,,,,,,,,,,,,,,,,,
2017-04-28,2017-05-31,680597.32,674776.63,-0.86,0.5,"ALGN, SNPS, CDW, MELI, CDK-202207, CDNS, VISN, ASML, JKHY, STLD",,,,,,,,,,,,,,,,,,,,,,,,,,,,,,,,,,,,,,,,,,,,,,,,,,,,,,,,,,,,,,,,,,,,,,,,,,,,,,,,,,,,,,,,,,,,,,,,,,,,,,,,,,,,,,,,,,,,,,,,,,,,,,,,,,,,,,,,,,,,,,,,,,,,33.33,7.86,33.33,1.59,33.33,-12.01,,,,,,,,,,,,,,,,,,,,,,,,,,,,,,,,,,,,,,,,,,,,,,,,,,,,,,,,,,,,,,,,,,,,,,,,,,,,,,,,,,,,,,,,,,,,,,,,,,,,,,,,
2017-05-31,2017-06-30,675803.88,657880.15,-2.65,-0.46,"MELI, ALGN, ANSS-202507, SNPS, JKHY, ASML, TRMB, CDNS, QRVO, CSGP",VISN→MELI,,,,,,,,,,,,,,,,,,,,,,,,,,,,,,,,,,,,,,,,,,,,,,,,,,,,,,,,,,,,,,,,,,,,,,,,,,,,,,,,,,,,,,,,,,,,,,,,,,,,,,,,,,,,,,,,,,,,,,,,,,,,,,,,,,,,,,,,,,,33.33,-8.75,,,,,,,33.33,3.39,33.33,-2.59,,,,,,,,,,,,,,,,,,,,,,,,,,,,,,,,,,,,,,,,,,,,,,,,,,,,,,,,,,,,,,,,,,,,,,,,,,,,,,,,,,,,,,,,,,,,,,,,,,,,,,,,,,
2017-06-30,2017-07-31,658793.8,721062.23,9.45,3.05,"ALGN, CGNX, IPGP, CDW, SNPS, JKHY, ANSS-202507, CDNS, QGEN, SSNC",MELI→CGNX,,,,,,,,,,,,,,,,,,,,,,,,,,,,,,,,,,,,,,,,,,,,,,,,,,,,,,,,,,,,,,,,,,,,,,,,,,,,,,,,,,,,,,,,,,,,,,,,,,,,,,,,,,,,,,,,,,,,,,,,,,,,,,,,,,,,,,,,,,,,,,,,,,,33.33,11.4,33.33,4.99,,,33.33,11.97,,,,,,,,,,,,,,,,,,,,,,,,,,,,,,,,,,,,,,,,,,,,,,,,,,,,,,,,,,,,,,,,,,,,,,,,,,,,,,,,,,,,,,,,,,,,,,,,,,,,,,
2017-07-31,2017-08-31,721984.05,783212.08,8.48,1.03,"ALGN, CGNX, IPGP, ANSS-202507, RYAAY, SNPS, CDW, CDNS, ASML, TRMB",,,,,,,,,,,,,,,,,,,,,,,,,,,,,,,,,,,,,,,,,,,,,,,,,,,,,,,,,,,,,,,,,,,,,,,,,,,,,,,,,,,,,,,,,,,,,,,,,,,,,,,,,,,,,,,,,,,,,,,,,,,,,,,,,,,,,,,,,,,,,,,,,,,,33.33,5.69,33.33,5.03,,,33.33,14.73,,,,,,,,,,,,,,,,,,,,,,,,,,,,,,,,,,,,,,,,,,,,,,,,,,,,,,,,,,,,,,,,,,,,,,,,,,,,,,,,,,,,,,,,,,,,,,,,,,,,,,
2017-08-31,2017-09-29,784174.03,815194.92,3.96,2.78,"ALGN, CGNX, IPGP, RYAAY, ASML, VRSN, CDNS, ANSS-202507, TRMB, FWONK",SNPS→IPGP,,,,,,,,,,,,,,,,,,,,,,,,,,,,,,,,,,,,,,,,,,,,,,,,,,,,,,,,,,,,,,,,,,,,,,,,,,,,,,,,,,,,,,,,,,,,,,,,,,,,,,,,,,,,,,,,,,,,,,,,,,,,,,,,,,,,,,,,,,,,,,,,,,,33.33,5.39,,,,,33.33,1.2,33.33,5.27,,,,,,,,,,,,,,,,,,,,,,,,,,,,,,,,,,,,,,,,,,,,,,,,,,,,,,,,,,,,,,,,,,,,,,,,,,,,,,,,,,,,,,,,,,,,,,,,,,,,
2017-09-29,2017-10-31,816039.95,965693.79,18.34,3.99,"TTWO, IPGP, ALGN, PPLI, CGNX, ODFL, ASML, CDNS, SINA-202103, TRMB",,,,,,,,,,,,,,,,,,,,,,,,,,,,,,,,,,,,,,,,,,,,,,,,,,,,,,,,,,,,,,,,,,,,,,,,,,,,,,,,,,,,,,,,,,,,,,,,,,,,,,,,,,,,,,,,,,,,,,,,,,,,,,,,,,,,,,,,,,,,,,,,,,,,33.33,28.3,,,,,33.33,11.67,33.33,15.05,,,,,,,,,,,,,,,,,,,,,,,,,,,,,,,,,,,,,,,,,,,,,,,,,,,,,,,,,,,,,,,,,,,,,,,,,,,,,,,,,,,,,,,,,,,,,,,,,,,,
2017-10-31,2017-11-30,966628.5,1034151.19,6.99,5.63,"IPGP, TTWO, CGNX, PPLI, ASML, CDNS, ALNY, ODFL, VRSN, SNPS",ALGN→TTWO,,,,,,,,,,,,,,,,,,,,,,,,,,,,,,,,,,,,,,,,,,,,,,,,,,,,,,,,,,,,,,,,,,,,,,,,,,,,,,,,,,,,,,,,,,,,,,,,,,,,,,,,,,,,,,,,,,,,,,,,,,,,,,,,,,,,,,,,,,,,,,,,,,,,,,,,,33.33,12.59,33.33,7.55,33.33,0.81,,,,,,,,,,,,,,,,,,,,,,,,,,,,,,,,,,,,,,,,,,,,,,,,,,,,,,,,,,,,,,,,,,,,,,,,,,,,,,,,,,,,,,,,,,,,,,,,,,
2017-11-30,2017-12-29,1035221.85,966900.85,-6.6,0.05,"IPGP, CGNX, TTWO, VRSN, ASML, CDNS, CPRT, ODFL, SNPS, ALNY",,,,,,,,,,,,,,,,,,,,,,,,,,,,,,,,,,,,,,,,,,,,,,,,,,,,,,,,,,,,,,,,,,,,,,,,,,,,,,,,,,,,,,,,,,,,,,,,,,,,,,,,,,,,,,,,,,,,,,,,,,,,,,,,,,,,,,,,,,,,,,,,,,,,,,,,,,33.33,-11.73,33.33,-6.49,33.33,-1.59,,,,,,,,,,,,,,,,,,,,,,,,,,,,,,,,,,,,,,,,,,,,,,,,,,,,,,,,,,,,,,,,,,,,,,,,,,,,,,,,,,,,,,,,,,,,,,,,,,
2017-12-29,2018-01-31,967862.5,1006467.64,3.99,6.25,"IPGP, OLED, VRSN, CPRT, ODFL, CGNX, NTAP, PPC, PPLI, ANSS-202507",TTWO→OLED,,,,,,,,,,,,,,,,,,,,,,,,,,,,,,,,,,,,,,,,,,,,,,,,,,,,,,,,,,,,,,,,,,,,,,,,,,,,,,,,,,,,,,,,,,,,,,,,,,,,,,,,,,,,,,,,,,,,,,,,,,,,,,,,,,,,,,,,,,,,,,,,,,,,,,,,,33.33,1.98,33.33,17.66,,,33.33,-7.67,,,,,,,,,,,,,,,,,,,,,,,,,,,,,,,,,,,,,,,,,,,,,,,,,,,,,,,,,,,,,,,,,,,,,,,,,,,,,,,,,,,,,,,,,,,,,,,,
2018-01-31,2018-02-28,1007544.96,935233.33,-7.18,-2.6,"IPGP, ODFL, CPRT, ON, CGNX, CHRW, CSGP, JKHY, ANSS-202507, PPLI",OLED→ODFL,,,,,,,,,,,,,,,,,,,,,,,,,,,,,,,,,,,,,,,,,,,,,,,,,,,,,,,,,,,,,,,,,,,,,,,,,,,,,,,,,,,,,,,,,,,,,,,,,,,,,,,,,,,,,,,,,,,,,,,,,,,,,,,,,,,,,,,,,,,,,,,,,,,,,,,,,33.33,-13.88,33.33,-2.5,,,,,33.33,-5.14,,,,,,,,,,,,,,,,,,,,,,,,,,,,,,,,,,,,,,,,,,,,,,,,,,,,,,,,,,,,,,,,,,,,,,,,,,,,,,,,,,,,,,,,,,,,,,
2018-02-28,2018-03-30,936202.0,966486.2,3.23,-0.28,"CPRT, IPGP, PPLI, ODFL, CSGP, ANSS-202507, JKHY, NTAP, SSNC, MRVL",CGNX→CPRT,,,,,,,,,,,,,,,,,,,,,,,,,,,,,,,,,,,,,,,,,,,,,,,,,,,,,,,,,,,,,,,,,,,,,,,,,,,,,,,,,,,,,,,,,,,,,,,,,,,,,,,,,,,,,,,,,,,,,,,,,,,,,,,,,,,,,,,,,,,,,,,,,,,,,,,,,,,33.33,-4.99,,,,,33.33,5.89,33.33,8.8,,,,,,,,,,,,,,,,,,,,,,,,,,,,,,,,,,,,,,,,,,,,,,,,,,,,,,,,,,,,,,,,,,,,,,,,,,,,,,,,,,,,,,,,,,,,
2018-03-30,2018-04-30,967514.16,941190.95,-2.72,-1.09,"NKTR, ODFL, CPRT, PPLI, CSGP, IPGP, SPLK-202403, JKHY, ANSS-202507, ON",,,,,,,,,,,,,,,,,,,,,,,,,,,,,,,,,,,,,,,,,,,,,,,,,,,,,,,,,,,,,,,,,,,,,,,,,,,,,,,,,,,,,,,,,,,,,,,,,,,,,,,,,,,,,,,,,,,,,,,,,,,,,,,,,,,,,,,,,,,,,,,,,,,,,,,,,,,,33.33,-5.29,,,,,33.33,-5.45,33.33,2.57,,,,,,,,,,,,,,,,,,,,,,,,,,,,,,,,,,,,,,,,,,,,,,,,,,,,,,,,,,,,,,,,,,,,,,,,,,,,,,,,,,,,,,,,,,,,
2018-04-30,2018-05-31,942129.04,1004306.71,6.6,2.54,"NKTR, CPRT, LULU, ODFL, CSGP, NTAP, PPLI, PTC, SPLK-202403, ANSS-202507",IPGP→NKTR,,,,,,,,,,,,,,,,,,,,,,,,,,,,,,,,,,,,,,,,,,,,,,,,,,,,,,,,,,,,,,,,,,,,,,,,,,,,,,,,,,,,,,,,,,,,,,,,,,,,,,,,,,,,,,,,,,,,,,,,,,,,,,,,,,,,,,,,,,,,,,,,,,,,,,,,,,,,,,,,,33.33,16.51,33.33,7.34,33.33,-4.05,,,,,,,,,,,,,,,,,,,,,,,,,,,,,,,,,,,,,,,,,,,,,,,,,,,,,,,,,,,,,,,,,,,,,,,,,,,,,,,,,,,,,,,,,,
2018-05-31,2018-06-29,1005462.42,869992.14,-13.47,1.81,"NKTR, LULU, CPRT, FFIV, ODFL, PTC, CSGP, SPLK-202403, AKAM, NTAP",,,,,,,,,,,,,,,,,,,,,,,,,,,,,,,,,,,,,,,,,,,,,,,,,,,,,,,,,,,,,,,,,,,,,,,,,,,,,,,,,,,,,,,,,,,,,,,,,,,,,,,,,,,,,,,,,,,,,,,,,,,,,,,,,,,,,,,,,,,,,,,,,,,,,,,,,,,,,,,,,,33.33,-4.41,33.33,3.16,33.33,-39.17,,,,,,,,,,,,,,,,,,,,,,,,,,,,,,,,,,,,,,,,,,,,,,,,,,,,,,,,,,,,,,,,,,,,,,,,,,,,,,,,,,,,,,,,,,
2018-06-29,2018-07-31,871047.68,825214.07,-5.26,0.62,"ABMD-202212, LULU, CPRT, PTC, CSGP, FTNT, NTAP, NBIX, ODFL, SSNC","NKTR→ABMD-202212, ODFL→LULU",,,,,,,,,,,,,,,,,,,,,,,,,,,,,,,,,,,,,,,,,,,,,,,,,,,,,,,,,,,,,,,,,,,,,,,,,,,,,,,,,,,,,,,,,,,,,,,,,,,,,,,,,,,,,,,,,,,,,,,,,,,,,,,,,,,,,,,,,,,,,,,,,,,,,,,,,,,,,,,,,,,33.33,1.47,,,33.33,-13.33,33.33,-3.92,,,,,,,,,,,,,,,,,,,,,,,,,,,,,,,,,,,,,,,,,,,,,,,,,,,,,,,,,,,,,,,,,,,,,,,,,,,,,,,,,,,,,,
2018-07-31,2018-08-31,826057.0,979982.83,18.63,7.89,"ABMD-202212, LULU, FTNT, CPRT, PTC, VRSN, CSGP, NTAP, NBIX, JKHY",,,,,,,,,,,,,,,,,,,,,,,,,,,,,,,,,,,,,,,,,,,,,,,,,,,,,,,,,,,,,,,,,,,,,,,,,,,,,,,,,,,,,,,,,,,,,,,,,,,,,,,,,,,,,,,,,,,,,,,,,,,,,,,,,,,,,,,,,,,,,,,,,,,,,,,,,,,,,,,,,,,,33.33,12.06,,,33.33,14.68,33.33,29.16,,,,,,,,,,,,,,,,,,,,,,,,,,,,,,,,,,,,,,,,,,,,,,,,,,,,,,,,,,,,,,,,,,,,,,,,,,,,,,,,,,,,,,
2018-08-31,2018-09-28,980997.63,966691.31,-1.46,-1.11,"LULU, FTNT, JKHY, CPRT, NTAP, ABMD-202212, VRSN, PTC, NBIX, FFIV",,,,,,,,,,,,,,,,,,,,,,,,,,,,,,,,,,,,,,,,,,,,,,,,,,,,,,,,,,,,,,,,,,,,,,,,,,,,,,,,,,,,,,,,,,,,,,,,,,,,,,,,,,,,,,,,,,,,,,,,,,,,,,,,,,,,,,,,,,,,,,,,,,,,,,,,,,,,,,,,,,,,33.33,-19.87,,,33.33,10.62,33.33,4.88,,,,,,,,,,,,,,,,,,,,,,,,,,,,,,,,,,,,,,,,,,,,,,,,,,,,,,,,,,,,,,,,,,,,,,,,,,,,,,,,,,,,,,
2018-09-28,2018-10-31,967883.97,811530.31,-16.15,-11.87,"LULU, FTNT, JKHY, SRPT, NTAP, PTC, ABMD-202212, FFIV, VRSN, TSCO",CPRT→FTNT,,,,,,,,,,,,,,,,,,,,,,,,,,,,,,,,,,,,,,,,,,,,,,,,,,,,,,,,,,,,,,,,,,,,,,,,,,,,,,,,,,,,,,,,,,,,,,,,,,,,,,,,,,,,,,,,,,,,,,,,,,,,,,,,,,,,,,,,,,,,,,,,,,,,,,,,,,,,,,,,,,,,,,,33.33,-24.14,33.33,-13.39,33.33,-10.94,,,,,,,,,,,,,,,,,,,,,,,,,,,,,,,,,,,,,,,,,,,,,,,,,,,,,,,,,,,,,,,,,,,,,,,,,,,,,,,,,,,,
2018-10-31,2018-11-30,812595.87,762599.36,-6.15,0.41,"FTNT, LULU, JKHY, SRPT, TSCO, ABMD-202212, NBIX, NTAP, PPLI, VRSN",,,,,,,,,,,,,,,,,,,,,,,,,,,,,,,,,,,,,,,,,,,,,,,,,,,,,,,,,,,,,,,,,,,,,,,,,,,,,,,,,,,,,,,,,,,,,,,,,,,,,,,,,,,,,,,,,,,,,,,,,,,,,,,,,,,,,,,,,,,,,,,,,,,,,,,,,,,,,,,,,,,,,,,,33.33,-2.5,33.33,-5.81,33.33,-10.15,,,,,,,,,,,,,,,,,,,,,,,,,,,,,,,,,,,,,,,,,,,,,,,,,,,,,,,,,,,,,,,,,,,,,,,,,,,,,,,,,,,,
2018-11-30,2018-12-31,763690.9,699642.63,-8.39,-9.57,"LULU, TSCO, SRPT, FTNT, TRIP, JKHY, VRSN, CDW, PPLI, VIAB-201912",ABMD-202212→TSCO,,,,,,,,,,,,,,,,,,,,,,,,,,,,,,,,,,,,,,,,,,,,,,,,,,,,,,,,,,,,,,,,,33.33,-12.29,,,,,,,,,,,,,,,,,,,,,,,,,,,,,,,,,,,,,,,,,,,,,,,,,,,,,,,,,,,,,,,,,,,,,,,,,,,,,,,,,,,,,,,,,,,,,,,,,,,,,,,33.33,-8.25,33.33,-4.62,,,,,,,,,,,,,,,,,,,,,,,,,,,,,,,,,,,,,,,,,,,,,,,,,,,,,,,,,,,,,,,,,,,,,,,,,,,,,,,,,,,,
2018-12-31,2019-01-31,700575.31,751141.72,7.22,10.85,"TEAM, DXCM, FTNT, PPLI, ZBRA, TSCO, GRMN, SRPT, FFIV, CDW",LULU→TEAM,,,,,,,,,,,,,,,,,,,,,,,,,,,,,,,,,,,,,,,,,,,,,,,,,,,,,,,,,,,,,,,,,33.33,2.35,,,,,,,,,,,,,,,,,,,,,,,,,,,,,,,,,,,,,,,,,,,,,,,,,,,,,,,,,,,,,,,,,,,,,,,,,,,,,,,,,,,,,,,,,,,,,,,,,,,,,,,,,33.33,8.72,33.33,10.59,,,,,,,,,,,,,,,,,,,,,,,,,,,,,,,,,,,,,,,,,,,,,,,,,,,,,,,,,,,,,,,,,,,,,,,,,,,,,,,,,,
2019-01-31,2019-02-28,752075.22,805646.77,7.12,6.1,"DXCM, TEAM, PPLI, FTNT, ZBRA, SPLK-202403, GRMN, TSCO, SRPT, SGEN-202312",TSCO→DXCM,,,,,,,,,,,,,,,,,,,,,,,,,,,,,,,,,,,,,,,,,,,,,,,,,,,,,,,,,,,,,,,,,,,,,,,,,,,,,,,,,,,,,,,,,,,,,,,,,,,,,,,,,,,,,,,,,,,,,,,,,33.33,-1.21,,,,,,,,,,,,,,,,,,,,,,,,,,,,,,,,,,,,,,,,,,,,,,,,,33.33,13.35,33.33,9.23,,,,,,,,,,,,,,,,,,,,,,,,,,,,,,,,,,,,,,,,,,,,,,,,,,,,,,,,,,,,,,,,,,,,,,,,,,,,,,,,,,
2019-02-28,2019-03-29,806692.79,771197.19,-4.4,-0.98,"GRMN, DXCM, TEAM, TSCO, ZBRA, HOLX-202604, FTNT, CDW, SPLK-202403, SRPT",,,,,,,,,,,,,,,,,,,,,,,,,,,,,,,,,,,,,,,,,,,,,,,,,,,,,,,,,,,,,,,,,,,,,,,,,,,,,,,,,,,,,,,,,,,,,,,,,,,,,,,,,,,,,,,,,,,,,,,,,,33.33,-14.52,,,,,,,,,,,,,,,,,,,,,,,,,,,,,,,,,,,,,,,,,,,,,,,,,33.33,-3.25,33.33,4.57,,,,,,,,,,,,,,,,,,,,,,,,,,,,,,,,,,,,,,,,,,,,,,,,,,,,,,,,,,,,,,,,,,,,,,,,,,,,,,,,,,
2019-03-29,2019-04-30,772235.71,743595.42,-3.71,3.78,"GRMN, IONS, TEAM, LNT, OKTA, TSCO, ZBRA, HOLX-202604, CDW, CSGP","DXCM→GRMN, FTNT→IONS",,,,,,,,,,,,,,,,,,,,,,,,,,,,,,,,,,,,,,,,,,,,,,,,,,,,,,,,,,,,,,,,,,,,,,,,,,,,,,,,,,,,,,,,,,,,,,,,,,,,,,,,,,,,,,,,,,,,,,,,,,,,,,,,,,,,,,,,,,,,,,,,,,,,,,,,,,,,,,,,,,,,,,,,,,,,,33.33,-1.99,33.33,-0.71,33.33,-8.43,,,,,,,,,,,,,,,,,,,,,,,,,,,,,,,,,,,,,,,,,,,,,,,,,,,,,,,,,,,,,,,,,,,,,,,,,,,,,,
2019-04-30,2019-05-31,744623.75,724110.65,-2.75,-7.27,"GRMN, OKTA, TSCO, CDW, ZBRA, IONS, TEAM, SSNC, CSGP, CPRT",,,,,,,,,,,,,,,,,,,,,,,,,,,,,,,,,,,,,,,,,,,,,,,,,,,,,,,,,,,,,,,,,,,,,,,,,,,,,,,,,,,,,,,,,,,,,,,,,,,,,,,,,,,,,,,,,,,,,,,,,,,,,,,,,,,,,,,,,,,,,,,,,,,,,,,,,,,,,,,,,,,,,,,,,,,,,,33.33,14.28,33.33,-10.8,33.33,-11.74,,,,,,,,,,,,,,,,,,,,,,,,,,,,,,,,,,,,,,,,,,,,,,,,,,,,,,,,,,,,,,,,,,,,,,,,,,,,,,
2019-05-31,2019-06-28,725043.07,777595.93,7.25,7.75,"OKTA, TEAM, CSGP, CPRT, PPLI, LBRDK, OTEX, GRMN, TSCO, LNT","GRMN→CSGP, IONS→OKTA",,,,,,,,,,,,,,,,,,,,,,,,,,,,,,,,,,,,,,,,,,,,,,,,,,,,,,,,,,,,,,,,,,,,,,,,,,,,,,,,,,,,,,,,,,,,,,,,,,,,,,,,,,,,,,,,,,,,,,,,,,,,,,,,,,,,,,,,,,,,,,,,,,,,,,,,,,,,,,,,,,,,,,,,,,,,,33.33,3.94,,,,,33.33,8.72,33.33,9.09,,,,,,,,,,,,,,,,,,,,,,,,,,,,,,,,,,,,,,,,,,,,,,,,,,,,,,,,,,,,,,,,,,,,,,,,,,
2019-06-28,2019-07-31,778521.6,841037.63,8.03,1.7,"OKTA, CSGP, TTD, TEAM, ZS, LBRDK, XRAY, CPRT, GRMN, TSCO",,,,,,,,,,,,,,,,,,,,,,,,,,,,,,,,,,,,,,,,,,,,,,,,,,,,,,,,,,,,,,,,,,,,,,,,,,,,,,,,,,,,,,,,,,,,,,,,,,,,,,,,,,,,,,,,,,,,,,,,,,,,,,,,,,,,,,,,,,,,,,,,,,,,,,,,,,,,,,,,,,,,,,,,,,,,,,33.33,7.09,,,,,33.33,11.07,33.33,5.93,,,,,,,,,,,,,,,,,,,,,,,,,,,,,,,,,,,,,,,,,,,,,,,,,,,,,,,,,,,,,,,,,,,,,,,,,,
2019-07-31,2019-08-30,842062.92,821293.49,-2.47,-4.26,"CSGP, OKTA, ZS, TTD, CPRT, LBRDK, TEAM, MRVL, CDW, TSCO",,,,,,,,,,,,,,,,,,,,,,,,,,,,,,,,,,,,,,,,,,,,,,,,,,,,,,,,,,,,,,,,,,,,,,,,,,,,,,,,,,,,,,,,,,,,,,,,,,,,,,,,,,,,,,,,,,,,,,,,,,,,,,,,,,,,,,,,,,,,,,,,,,,,,,,,,,,,,,,,,,,,,,,,,,,,,,33.33,-4.0,,,,,33.33,-0.09,33.33,-3.31,,,,,,,,,,,,,,,,,,,,,,,,,,,,,,,,,,,,,,,,,,,,,,,,,,,,,,,,,,,,,,,,,,,,,,,,,,
2019-08-30,2019-09-30,822414.71,733502.58,-10.81,-0.69,"OKTA, CSGP, LNT, TEAM, XRAY, ZS, CDW, TTD, AKAM, CPRT",,,,,,,,,,,,,,,,,,,,,,,,,,,,,,,,,,,,,,,,,,,,,,,,,,,,,,,,,,,,,,,,,,,,,,,,,,,,,,,,,,,,,,,,,,,,,,,,,,,,,,,,,,,,,,,,,,,,,,,,,,,,,,,,,,,,,,,,,,,,,,,,,,,,,,,,,,,,,,,,,,,,,,,,,,,,,,33.33,-6.74,,,,,33.33,-3.52,33.33,-22.17,,,,,,,,,,,,,,,,,,,,,,,,,,,,,,,,,,,,,,,,,,,,,,,,,,,,,,,,,,,,,,,,,,,,,,,,,,
2019-09-30,2019-10-31,734498.51,737504.95,0.41,2.82,"CPRT, TER, LNT, CSGP, CDW, AKAM, MRVL, LBRDK, TEAM, XRAY","OKTA→CPRT, TEAM→TER",,,,,,,,,,,,,,,,,,,,,,,,,,,,,,,,,,,,,,,,,,,,,,,,,,,,,,,,,,,,,,,,,,,,,,,,,,,,,,,,,,,,,,,,,,,,,,,,,,,,,,,,,,,,,,,,,,,,,,,,,,,,,,,,,,,,,,,,,,,,,,,,,,,,,,,,,,,,,,,,,,,33.33,2.88,,,,,,,,,,,,,,,33.33,-7.36,,,33.33,5.72,,,,,,,,,,,,,,,,,,,,,,,,,,,,,,,,,,,,,,,,,,,,,,,,,,,,,,,,,,,,,,,,,,,,,,,,
2019-10-31,2019-11-29,738437.77,791618.04,7.2,9.55,"CPRT, ROKU, TER, LNT, CDW, ODFL, CSGP, ANSS-202507, SGEN-202312, STX",,,,,,,,,,,,,,,,,,,,,,,,,,,,,,,,,,,,,,,,,,,,,,,,,,,,,,,,,,,,,,,,,,,,,,,,,,,,,,,,,,,,,,,,,,,,,,,,,,,,,,,,,,,,,,,,,,,,,,,,,,,,,,,,,,,,,,,,,,,,,,,,,,,,,,,,,,,,,,,,,,,,33.33,7.7,,,,,,,,,,,,,,,33.33,11.53,,,33.33,2.38,,,,,,,,,,,,,,,,,,,,,,,,,,,,,,,,,,,,,,,,,,,,,,,,,,,,,,,,,,,,,,,,,,,,,,,,
2019-11-29,2019-12-31,792687.12,741463.56,-6.46,0.87,"CPRT, SGEN-202312, ROKU, ANSS-202507, DXCM, QRVO, CDW, ODFL, TER, LBRDK","CSGP→ROKU, TER→SGEN-202312",,,,,,,,,,,,,,,,,,,,,,,,,,,,,,,,,,,,,,,,,,,,,,,,,,,,,,,,,,,,,,,,,,,,,,,,,,,,,,,,,,,,,,,,,,,,,,,,,,,,,,,,,,,,,,,,,,,,,,,,,,,,,,,,,,,,,,,,,,,,,,,,,,,,,,,,,,,,,,,,,,,33.33,2.18,,,,,,,,,,,,,,,,,,,,,33.33,-16.51,33.33,-5.06,,,,,,,,,,,,,,,,,,,,,,,,,,,,,,,,,,,,,,,,,,,,,,,,,,,,,,,,,,,,,,,,,,,,
2019-12-31,2020-01-31,742542.0,688535.29,-7.27,0.07,"QRVO, ROKU, TER, LBRDK, PODD, ALNY, COUP-202302, ODFL, FTNT, GRMN","CPRT→QRVO, SGEN-202312→TER",,,,,,,,,,,,,,,,,,,,,,,,,,,,,,,,,,,,,,,,,,,,,,,,,,,,,,,,,,,,,,,,,,,,,,,,,,,,,,,,,,,,,,,,,,,,,,,,,,,,,,,,,,,,,,,,,,,,,,,,,,,,,,,,,,,,,,,,,,,,,,,,,,,,,,,,,,,,,,,,,,,,,,,,,,,,,,,,,,,,,,,33.33,-3.23,33.33,-9.67,,,33.33,-8.92,,,,,,,,,,,,,,,,,,,,,,,,,,,,,,,,,,,,,,,,,,,,,,,,,,,,,,,,,,,,,,,,,,
2020-01-31,2020-02-28,689598.78,648429.16,-5.97,-7.58,"PODD, LBRDK, LNT, QRVO, TER, FTNT, STX, ODFL, GRMN, ALNY",ROKU→PODD,,,,,,,,,,,,,,,,,,,,,,,,,,,,,,,,,,,,,,,,,,,,,,,,,,,,,,,,,,,,,,,,,,,,,,,,,,,,,,,,,,,,,,,,,,,,,,,,,,,,,,,,,,,,,,,,,,,,,,,,,,,,,,,,,,,,,,,,,,,,,,,,,,,,,,,,,,,,,,,,,,,,,,,,,,,,,,,,,,,,,,,33.33,-10.83,,,,,33.33,-4.99,33.33,-2.1,,,,,,,,,,,,,,,,,,,,,,,,,,,,,,,,,,,,,,,,,,,,,,,,,,,,,,,,,,,,,,,,
2020-02-28,2020-03-31,649492.16,610997.91,-5.93,-11.59,"LBRDK, PODD, DOCU, DXCM, LNT, ODFL, ALNY, GEN, JKHY, FTNT","QRVO→DOCU, TER→LBRDK",,,,,,,,,,,,,,,,,,,,,,,,,,,,,,,,,,,,,,,,,,,,,,,,,,,,,,,,,,,,,,,,,,,,,,,,,,,,,,,,,,,,,,,,,,,,,,,,,,,,,,,,,,,,,,,,,,,,,,,,,,,,,,,,,,,,,,,,,,,,,,,,,,,,,,,,,,,,,,,,,,,,,,,,,,,,,,,,,,,,,,,,,,,,,,,33.33,-12.79,33.33,7.06,33.33,-12.05,,,,,,,,,,,,,,,,,,,,,,,,,,,,,,,,,,,,,,,,,,,,,,,,,,,,,,,,,,,,
2020-03-31,2020-04-30,611834.97,730930.99,19.47,16.4,"DXCM, DOCU, GEN, OKTA, ODFL, PODD, FTNT, PDD, ALNY, COUP-202302",LBRDK→DXCM,,,,,,,,,,,,,,,,,,,,,,,,,,,,,,,,,,,,,,,,,,,,,,,,,,,,,,,,,,,,,,,,,,,,,,,,,,,,,,,,,,,,,,,,,,,,,,,,,,,,,,,,,,,,,,,,,,,,,,,,,33.33,24.48,,,,,,,,,,,,,,,,,,,,,,,,,,,,,,,,,,,,,,,,,,,,,,,,,,,,,,,,,,,,,,,,,,,,,33.33,20.55,33.33,13.37,,,,,,,,,,,,,,,,,,,,,,,,,,,,,,,,,,,,,,,,,,,,,,,,,,,,,,,,,,,,,,
2020-04-30,2020-05-29,731838.62,806318.41,10.18,11.97,"PODD, ALNY, DOCU, GEN, PDD, OKTA, TEAM, COUP-202302, AKAM, ODFL",DXCM→ALNY,,,,,,,,,,,,,,,,,,,,,,,,,,,,,,,,,,,,,,,,,,,,,,,,,,,,,,,,,,,,,,,,,,,,,,,,,,,,,,,,,,,,,,,,,,,,,,,,,,,,,,,,,,,,,,,,,,,,,,,,,,,,,,,,,,,,,,,,,,,,,,,,,,,,,,,,,,,,,,,,,,,,,,,,,,,,,,,,,,,,,,,,,,,,,,,33.33,-5.58,33.33,33.4,,,33.33,2.71,,,,,,,,,,,,,,,,,,,,,,,,,,,,,,,,,,,,,,,,,,,,,,,,,,,,,,,,,,
2020-05-29,2020-06-30,807149.21,971529.48,20.37,4.61,"DOCU, PDD, ALNY, GEN, OKTA, COUP-202302, TEAM, FTNT, ODFL, JKHY",PODD→PDD,,,,,,,,,,,,,,,,,,,,,,,,,,,,,,,,,,,,,,,,,,,,,,,,,,,,,,,,,,,,,,,,,,,,,,,,,,,,,,,,,,,,,,,,,,,,,,,,,,,,,,,,,,,,,,,,,,,,,,,,,,,,,,,,,,,,,,,,,,,,,,,,,,,,,,,,,,,,,,,,,,,,,,,,,,,,,,,,,,,,,,,,,,,,,,,,,33.33,23.24,,,33.33,9.49,33.33,28.37,,,,,,,,,,,,,,,,,,,,,,,,,,,,,,,,,,,,,,,,,,,,,,,,,,,,,,,,
2020-06-30,2020-07-31,972464.77,1039756.33,6.92,7.95,"PDD, MRNA, COUP-202302, MASI-202606, ZS, ALNY, GEN, OKTA, CRWD, ODFL",DOCU→MRNA,,,,,,,,,,,,,,,,,,,,,,,,,,,,,,,,,,,,,,,,,,,,,,,,,,,,,,,,,,,,,,,,,,,,,,,,,,,,,,,,,,,,,,,,,,,,,,,,,,,,,,,,,,,,,,,,,,,,,,,,,,,,,,,,,,,,,,,,,,,,,,,,,,,,,,,,,,,,,,,,,,,,,,,,,,,,,,,,,,,,,,,,,,,,,,,,,,,,,33.33,-1.59,33.33,6.94,33.33,15.4,,,,,,,,,,,,,,,,,,,,,,,,,,,,,,,,,,,,,,,,,,,,,,,,,,,,,,
2020-07-31,2020-08-31,1040773.87,1022840.41,-1.72,3.31,"PDD, COUP-202302, ALNY, TSCO, ZS, MASI-202606, ODFL, GEN, OKTA, NBIX",MRNA→COUP-202302,,,,,,,,,,,,,,,,,,,,,,,,,,,,,,,,,,,,,,,,,,,,,,,,,,,,,,,,,,,,,,,,,,,,,,,,,,,,,,,,,,,,,,,,,,,,,,,,,,,,,,,,,,,,,,,,,,,,,,,,,,,,,,,,,,,,,,,,,,,,,,,,,,,,,,,,,,,,,,,,,,,,,,,,,,,,,,,,,,,,,,,,,,,,,,,,,,,,,33.33,-9.0,33.33,-3.12,,,33.33,6.95,,,,,,,,,,,,,,,,,,,,,,,,,,,,,,,,,,,,,,,,,,,,,,,,,,,,
2020-08-31,2020-09-30,1023919.01,949304.52,-7.29,-1.28,"ZS, TSCO, COUP-202302, ODFL, NBIS, GEN, MPWR, OKTA, TER, TTD","ALNY→TSCO, PDD→ZS",,,,,,,,,,,,,,,,,,,,,,,,,,,,,,,,,,,,,,,,,,,,,,,,,,,,,,,,,,,,,,,,,33.33,-3.69,,,,,,,,,,,,,,,,,,,,,,,,,,,,,,,,,,,,,,,,,,,,,,,,,,,,,,,,,,,,,,,,,,,,,,,,,,,,,,,,,,,,,,,,,,,,,,,,,,,,,,,,,,,,,,,,,,,,,,,,,,,,,,,,,,,,,,,,,33.33,-16.32,33.33,-1.85,,,,,,,,,,,,,,,,,,,,,,,,,,,,,,,,,,,,,,,,,,,,,,,,,,
2020-09-30,2020-10-30,950369.18,892649.5,-6.07,-2.18,"HZNP-202310, ZS, DDOG, QDEL, LOGI, ETSY, CRWD, TSCO, TTD, WIX","COUP-202302→DDOG, TSCO→HZNP-202310",,,,,,,,,,,,,,,,,,,,,,,,,,,,,,,,,,,,,,,,,,,,,,,,,,,,,,,,,,,,,,,,,,,,,,,,,,,,,,,,,,,,,,,,,,,,,,,,,,,,,,,,,,,,,,,,,,,,,,,,,,,,,,,,,,,,,,,,,,,,,,,,,,,,,,,,,,,,,,,,,,,,,,,,,,,,,,,,,,,,,,,,,,,,,,,,,,,,,,,,,,,,,33.33,-3.51,33.33,-11.17,33.33,-3.54,,,,,,,,,,,,,,,,,,,,,,,,,,,,,,,,,,,,,,,,,,,,,,
2020-10-30,2020-11-30,893593.7,946405.43,5.91,14.71,"PTON, HZNP-202310, ZS, DKNG, DDOG, LOGI, TTD, QDEL, CRWD, WIX",,,,,,,,,,,,,,,,,,,,,,,,,,,,,,,,,,,,,,,,,,,,,,,,,,,,,,,,,,,,,,,,,,,,,,,,,,,,,,,,,,,,,,,,,,,,,,,,,,,,,,,,,,,,,,,,,,,,,,,,,,,,,,,,,,,,,,,,,,,,,,,,,,,,,,,,,,,,,,,,,,,,,,,,,,,,,,,,,,,,,,,,,,,,,,,,,,,,,,,,,,,,,,33.33,14.73,33.33,9.0,33.33,-6.01,,,,,,,,,,,,,,,,,,,,,,,,,,,,,,,,,,,,,,,,,,,,,,
2020-11-30,2020-12-31,947268.69,1097311.92,15.84,7.18,"PTON, TTD, ZS, DKNG, ETSY, CRWD, ROKU, LOGI, HZNP-202310, TER","DDOG→PTON, HZNP-202310→TTD",,,,,,,,,,,,,,,,,,,,,,,,,,,,,,,,,,,,,,,,,,,,,,,,,,,,,,,,,,,,,,,,,,,,,,,,,,,,,,,,,,,,,,,,,,,,,,,,,,,,,,,,,,,,,,,,,,,,,,,,,,,,,,,,,,,,,,,,,,,,,,,,,,,,,,,,,,,,,,,,,,,,,,,,,,,,,,,,,,,,,,,,,,,,,,,,,,,,,,,,,,,,,33.33,28.22,,,,,33.33,30.4,33.33,-11.11,,,,,,,,,,,,,,,,,,,,,,,,,,,,,,,,,,,,,,,,,,
2020-12-31,2021-01-29,1098313.44,1096648.04,-0.15,0.65,"ENPH, CRWD, NVCR, ZS, ROKU, ETSY, TTD, DKNG, SEDG, MDB",PTON→ENPH,,,,,,,,,,,,,,,,,,,,,,,,,,,,,,,,,,,,,,,,,,,,,,,,,,,,,,,,,,,,,,,,,,,,,,,,,,,,,,,,,,,,,,,,,,,,,,,,,,,,,,,,,,,,,,,,,,,,,,,,,,,,,,,,,,,,,,,,,,,,,,,,,,,,,,,,,,,,,,,,,,,,,,,,,,,,,,,,,,,,,,,,,,,,,,,,,,,,,,,,,,,,,33.33,-0.01,,,,,,,33.33,-4.37,33.33,3.92,,,,,,,,,,,,,,,,,,,,,,,,,,,,,,,,,,,,,,,,
2021-01-29,2021-02-26,1097714.04,1029754.56,-6.19,5.63,GOLD ($NDX/XAUUSD=7.01),+XAUUSD,,,,,,,,,,,,,,,,,,,,,,,,,,,,,,,,,,,,,,,,,,,,,,,,,,,,,,,,,,,,,,,,,,,,,,,,,,,,,,,,,,,,,,,,,,,,,,,,,,,,,,,,,,,,,,,,,,,,,,,,,,,,,,,,,,,,,,,,,,,,,,,,,,,,,,,,,,,,,,,,,,,,,,,,,,,,,,,,,,,,,,,,,,,,,,,,,,,,,,,,,,,,,,,,,,,,,,,,,100.0,-6.19,,,,,,,,,,,,,,,,,,,,,,,,,,,,,,,,,,,,,,
2021-02-26,2021-03-31,1030768.22,1016880.54,-1.35,-6.42,GOLD ($NDX/XAUUSD=7.46),+XAUUSD,,,,,,,,,,,,,,,,,,,,,,,,,,,,,,,,,,,,,,,,,,,,,,,,,,,,,,,,,,,,,,,,,,,,,,,,,,,,,,,,,,,,,,,,,,,,,,,,,,,,,,,,,,,,,,,,,,,,,,,,,,,,,,,,,,,,,,,,,,,,,,,,,,,,,,,,,,,,,,,,,,,,,,,,,,,,,,,,,,,,,,,,,,,,,,,,,,,,,,,,,,,,,,,,,,,,,,,,,100.0,-1.35,,,,,,,,,,,,,,,,,,,,,,,,,,,,,,,,,,,,,,
2021-03-31,2021-04-30,1017845.59,1054705.82,3.62,4.04,GOLD ($NDX/XAUUSD=7.67),+XAUUSD,,,,,,,,,,,,,,,,,,,,,,,,,,,,,,,,,,,,,,,,,,,,,,,,,,,,,,,,,,,,,,,,,,,,,,,,,,,,,,,,,,,,,,,,,,,,,,,,,,,,,,,,,,,,,,,,,,,,,,,,,,,,,,,,,,,,,,,,,,,,,,,,,,,,,,,,,,,,,,,,,,,,,,,,,,,,,,,,,,,,,,,,,,,,,,,,,,,,,,,,,,,,,,,,,,,,,,,,,100.0,3.62,,,,,,,,,,,,,,,,,,,,,,,,,,,,,,,,,,,,,,
2021-04-30,2021-05-31,1055633.56,1137852.66,7.79,-0.92,GOLD ($NDX/XAUUSD=7.84),+XAUUSD,,,,,,,,,,,,,,,,,,,,,,,,,,,,,,,,,,,,,,,,,,,,,,,,,,,,,,,,,,,,,,,,,,,,,,,,,,,,,,,,,,,,,,,,,,,,,,,,,,,,,,,,,,,,,,,,,,,,,,,,,,,,,,,,,,,,,,,,,,,,,,,,,,,,,,,,,,,,,,,,,,,,,,,,,,,,,,,,,,,,,,,,,,,,,,,,,,,,,,,,,,,,,,,,,,,,,,,,,100.0,7.79,,,,,,,,,,,,,,,,,,,,,,,,,,,,,,,,,,,,,,
2021-05-31,2021-06-30,1138929.93,1057236.4,-7.17,5.97,GOLD ($NDX/XAUUSD=7.18),+XAUUSD,,,,,,,,,,,,,,,,,,,,,,,,,,,,,,,,,,,,,,,,,,,,,,,,,,,,,,,,,,,,,,,,,,,,,,,,,,,,,,,,,,,,,,,,,,,,,,,,,,,,,,,,,,,,,,,,,,,,,,,,,,,,,,,,,,,,,,,,,,,,,,,,,,,,,,,,,,,,,,,,,,,,,,,,,,,,,,,,,,,,,,,,,,,,,,,,,,,,,,,,,,,,,,,,,,,,,,,,,100.0,-7.17,,,,,,,,,,,,,,,,,,,,,,,,,,,,,,,,,,,,,,
2021-06-30,2021-07-30,1058212.37,1084266.73,2.46,-3.08,GOLD ($NDX/XAUUSD=8.22),+XAUUSD,,,,,,,,,,,,,,,,,,,,,,,,,,,,,,,,,,,,,,,,,,,,,,,,,,,,,,,,,,,,,,,,,,,,,,,,,,,,,,,,,,,,,,,,,,,,,,,,,,,,,,,,,,,,,,,,,,,,,,,,,,,,,,,,,,,,,,,,,,,,,,,,,,,,,,,,,,,,,,,,,,,,,,,,,,,,,,,,,,,,,,,,,,,,,,,,,,,,,,,,,,,,,,,,,,,,,,,,,100.0,2.46,,,,,,,,,,,,,,,,,,,,,,,,,,,,,,,,,,,,,,
2021-07-30,2021-08-31,1085266.4,1085619.54,0.03,3.23,GOLD ($NDX/XAUUSD=8.25),+XAUUSD,,,,,,,,,,,,,,,,,,,,,,,,,,,,,,,,,,,,,,,,,,,,,,,,,,,,,,,,,,,,,,,,,,,,,,,,,,,,,,,,,,,,,,,,,,,,,,,,,,,,,,,,,,,,,,,,,,,,,,,,,,,,,,,,,,,,,,,,,,,,,,,,,,,,,,,,,,,,,,,,,,,,,,,,,,,,,,,,,,,,,,,,,,,,,,,,,,,,,,,,,,,,,,,,,,,,,,,,,100.0,0.03,,,,,,,,,,,,,,,,,,,,,,,,,,,,,,,,,,,,,,
2021-08-31,2021-09-30,1086652.08,1052407.01,-3.15,-5.32,GOLD ($NDX/XAUUSD=8.59),+XAUUSD,,,,,,,,,,,,,,,,,,,,,,,,,,,,,,,,,,,,,,,,,,,,,,,,,,,,,,,,,,,,,,,,,,,,,,,,,,,,,,,,,,,,,,,,,,,,,,,,,,,,,,,,,,,,,,,,,,,,,,,,,,,,,,,,,,,,,,,,,,,,,,,,,,,,,,,,,,,,,,,,,,,,,,,,,,,,,,,,,,,,,,,,,,,,,,,,,,,,,,,,,,,,,,,,,,,,,,,,,100.0,-3.15,,,,,,,,,,,,,,,,,,,,,,,,,,,,,,,,,,,,,,
2021-09-30,2021-10-29,1053392.4,1069001.82,1.48,6.43,GOLD ($NDX/XAUUSD=8.36),+XAUUSD,,,,,,,,,,,,,,,,,,,,,,,,,,,,,,,,,,,,,,,,,,,,,,,,,,,,,,,,,,,,,,,,,,,,,,,,,,,,,,,,,,,,,,,,,,,,,,,,,,,,,,,,,,,,,,,,,,,,,,,,,,,,,,,,,,,,,,,,,,,,,,,,,,,,,,,,,,,,,,,,,,,,,,,,,,,,,,,,,,,,,,,,,,,,,,,,,,,,,,,,,,,,,,,,,,,,,,,,,100.0,1.48,,,,,,,,,,,,,,,,,,,,,,,,,,,,,,,,,,,,,,
2021-10-29,2021-11-30,1070008.0,1063429.43,-0.61,0.12,GOLD ($NDX/XAUUSD=8.89),+XAUUSD,,,,,,,,,,,,,,,,,,,,,,,,,,,,,,,,,,,,,,,,,,,,,,,,,,,,,,,,,,,,,,,,,,,,,,,,,,,,,,,,,,,,,,,,,,,,,,,,,,,,,,,,,,,,,,,,,,,,,,,,,,,,,,,,,,,,,,,,,,,,,,,,,,,,,,,,,,,,,,,,,,,,,,,,,,,,,,,,,,,,,,,,,,,,,,,,,,,,,,,,,,,,,,,,,,,,,,,,,100.0,-0.61,,,,,,,,,,,,,,,,,,,,,,,,,,,,,,,,,,,,,,
2021-11-30,2021-12-31,1064398.17,1098750.84,3.23,-1.52,GOLD ($NDX/XAUUSD=9.11),+XAUUSD,,,,,,,,,,,,,,,,,,,,,,,,,,,,,,,,,,,,,,,,,,,,,,,,,,,,,,,,,,,,,,,,,,,,,,,,,,,,,,,,,,,,,,,,,,,,,,,,,,,,,,,,,,,,,,,,,,,,,,,,,,,,,,,,,,,,,,,,,,,,,,,,,,,,,,,,,,,,,,,,,,,,,,,,,,,,,,,,,,,,,,,,,,,,,,,,,,,,,,,,,,,,,,,,,,,,,,,,,100.0,3.23,,,,,,,,,,,,,,,,,,,,,,,,,,,,,,,,,,,,,,
2021-12-31,2022-01-31,1099767.47,1081775.46,-1.64,-13.31,GOLD ($NDX/XAUUSD=8.92),+XAUUSD,,,,,,,,,,,,,,,,,,,,,,,,,,,,,,,,,,,,,,,,,,,,,,,,,,,,,,,,,,,,,,,,,,,,,,,,,,,,,,,,,,,,,,,,,,,,,,,,,,,,,,,,,,,,,,,,,,,,,,,,,,,,,,,,,,,,,,,,,,,,,,,,,,,,,,,,,,,,,,,,,,,,,,,,,,,,,,,,,,,,,,,,,,,,,,,,,,,,,,,,,,,,,,,,,,,,,,,,,100.0,-1.64,,,,,,,,,,,,,,,,,,,,,,,,,,,,,,,,,,,,,,
2022-01-31,2022-02-28,1082718.36,1148291.15,6.06,-1.34,GOLD ($NDX/XAUUSD=8.30),+XAUUSD,,,,,,,,,,,,,,,,,,,,,,,,,,,,,,,,,,,,,,,,,,,,,,,,,,,,,,,,,,,,,,,,,,,,,,,,,,,,,,,,,,,,,,,,,,,,,,,,,,,,,,,,,,,,,,,,,,,,,,,,,,,,,,,,,,,,,,,,,,,,,,,,,,,,,,,,,,,,,,,,,,,,,,,,,,,,,,,,,,,,,,,,,,,,,,,,,,,,,,,,,,,,,,,,,,,,,,,,,100.0,6.06,,,,,,,,,,,,,,,,,,,,,,,,,,,,,,,,,,,,,,
2022-02-28,2022-03-31,1149276.25,1166660.86,1.51,-0.4,GOLD ($NDX/XAUUSD=7.46),+XAUUSD,,,,,,,,,,,,,,,,,,,,,,,,,,,,,,,,,,,,,,,,,,,,,,,,,,,,,,,,,,,,,,,,,,,,,,,,,,,,,,,,,,,,,,,,,,,,,,,,,,,,,,,,,,,,,,,,,,,,,,,,,,,,,,,,,,,,,,,,,,,,,,,,,,,,,,,,,,,,,,,,,,,,,,,,,,,,,,,,,,,,,,,,,,,,,,,,,,,,,,,,,,,,,,,,,,,,,,,,,100.0,1.51,,,,,,,,,,,,,,,,,,,,,,,,,,,,,,,,,,,,,,
2022-03-31,2022-04-29,1167682.19,1143300.71,-2.09,-11.3,GOLD ($NDX/XAUUSD=7.66),+XAUUSD,,,,,,,,,,,,,,,,,,,,,,,,,,,,,,,,,,,,,,,,,,,,,,,,,,,,,,,,,,,,,,,,,,,,,,,,,,,,,,,,,,,,,,,,,,,,,,,,,,,,,,,,,,,,,,,,,,,,,,,,,,,,,,,,,,,,,,,,,,,,,,,,,,,,,,,,,,,,,,,,,,,,,,,,,,,,,,,,,,,,,,,,,,,,,,,,,,,,,,,,,,,,,,,,,,,,,,,,,100.0,-2.09,,,,,,,,,,,,,,,,,,,,,,,,,,,,,,,,,,,,,,
2022-04-29,2022-05-31,1144161.79,1328761.35,16.13,0.7,"BKR, FANG, LNT, CHKP, ULTA, AKAM, ON, RPRX, GEN, EXPE","+BKR, +FANG, +LNT",,,,,,,,,,,,,,,,,,,,,,,,,,,,,,,,,,,,,,,,,,,,,,,,,,,,,,,,,,,,,,,,,,,,,,,,,,,,,,,,,,,,,,,,,,,,,,,,,,,,,,,,,,,,,,,,,,,,,,,,,,,,,,,,,,,,,,,,,,,,,,,,,,,,,,,,,,,,,,,,,,,,,,,,,,,,,,,,,,,,,,,,,,,,,,,,,,,,,,,,,,,,,,,,,,,,,,,,,,,33.33,16.56,33.33,23.33,33.33,8.52,,,,,,,,,,,,,,,,,,,,,,,,,,,,,,,,
2022-05-31,2022-06-30,1329952.92,1116135.98,-16.08,-10.93,"BKR, FANG, HOLX-202604, LNT, ON, CHKP, INCY, MPWR, CCEP, RPRX",,,,,,,,,,,,,,,,,,,,,,,,,,,,,,,,,,,,,,,,,,,,,,,,,,,,,,,,,,,,,,,,,,,,,,,,,,,,,,,,,,,,,,,,,,,,,,,,,,,,,,,,,,,,,,,,,,,,,,,,,,,,,,,,,,,,,,,,,,,,,,,,,,,,,,,,,,,,,,,,,,,,,,,,,,,,,,,,,,,,,,,,,,,,,,,,,,,,,,,,,,,,,,,,,,,,,,,,,,,,33.33,-19.76,33.33,-20.31,33.33,-8.16,,,,,,,,,,,,,,,,,,,,,,,,,,,,,,,,
2022-06-30,2022-07-29,1117151.05,1100563.47,-1.48,11.06,"BKR, FANG, ULTA, STLD, ENPH, SNY, CHKP, SEDG, ON, RPRX",LNT→ULTA,,,,,,,,,,,,,,,,,,,,,,,,,,,,,,,,,,,,,,,,,,,,,,,,,,,,,,,,,,,,,,,,,,,,,,,,,,,,,33.33,0.89,,,,,,,,,,,,,,,,,,,,,,,,,,,,,,,,,,,,,,,,,,,,,,,,,,,,,,,,,,,,,,,,,,,,,,,,,,,,,,,,,,,,,,,,,,,,,,,,,,,,,,,,,,,,,,,,,,,,,,,,,,,,,,,,,,,,,,,,,,,,,33.33,-11.01,33.33,5.67,,,,,,,,,,,,,,,,,,,,,,,,,,,,,,,,,,
2022-07-29,2022-08-31,1101595.91,1066984.07,-3.14,-2.45,GOLD ($NDX/XAUUSD=7.33),+XAUUSD,,,,,,,,,,,,,,,,,,,,,,,,,,,,,,,,,,,,,,,,,,,,,,,,,,,,,,,,,,,,,,,,,,,,,,,,,,,,,,,,,,,,,,,,,,,,,,,,,,,,,,,,,,,,,,,,,,,,,,,,,,,,,,,,,,,,,,,,,,,,,,,,,,,,,,,,,,,,,,,,,,,,,,,,,,,,,,,,,,,,,,,,,,,,,,,,,,,,,,,,,,,,,,,,,,,,,,,,,100.0,-3.14,,,,,,,,,,,,,,,,,,,,,,,,,,,,,,,,,,,,,,
2022-08-31,2022-09-30,1068014.1,1036878.34,-2.92,-10.48,GOLD ($NDX/XAUUSD=7.18),+XAUUSD,,,,,,,,,,,,,,,,,,,,,,,,,,,,,,,,,,,,,,,,,,,,,,,,,,,,,,,,,,,,,,,,,,,,,,,,,,,,,,,,,,,,,,,,,,,,,,,,,,,,,,,,,,,,,,,,,,,,,,,,,,,,,,,,,,,,,,,,,,,,,,,,,,,,,,,,,,,,,,,,,,,,,,,,,,,,,,,,,,,,,,,,,,,,,,,,,,,,,,,,,,,,,,,,,,,,,,,,,100.0,-2.92,,,,,,,,,,,,,,,,,,,,,,,,,,,,,,,,,,,,,,
2022-09-30,2022-10-31,1037817.26,1105329.99,6.51,8.27,"ENPH, RPRX, ALNY, ON, BMRN, FANG, LNT, JKHY, ULTA, LKQ","+ALNY, +ENPH, +RPRX",,,,,,,,,,,,,,,,,,,,,,,,,,,,,,,,,,,,,,,,,,,,,,,,,,,,,,,,,,,,,,,,,,,,,,,,,,,,,,,,,,,,,,,,,,,,,,,,,,,,,,,,,,,,,,,,,,,,,,,,,,,,,,,,,,,,,,,,,,,,,,,,,,,,,,,,,,,,,,,,,,,,,,,,,,,,,,,,,,,,,,,,,,,,,,,,,,,,,33.33,3.55,,,,,,,,,,,,,,,,,33.33,10.64,,,,,,,,,33.33,5.33,,,,,,,,,,,,,,,,,,,,,,,,,,,,,,
2022-10-31,2022-11-30,1106281.7,1162418.64,5.07,5.51,"FANG, ENPH, STLD, ON, BMRN, ALNY, RPRX, JKHY, LKQ, PTC",,,,,,,,,,,,,,,,,,,,,,,,,,,,,,,,,,,,,,,,,,,,,,,,,,,,,,,,,,,,,,,,,,,,,,,,,,,,,,,,,,,,,,,,,,,,,,,,,,,,,,,,,,,,,,,,,,,,,,,,,,,,,,,,,,,,,,,,,,,,,,,,,,,,,,,,,,,,,,,,,,,,,,,,,,,,,,,,,,,,,,,,,,,,,,,,,,,,,,33.33,6.43,,,,,,,,,,,,,,,,,33.33,4.43,,,,,,,,,33.33,4.36,,,,,,,,,,,,,,,,,,,,,,,,,,,,,,
2022-11-30,2022-12-30,1163437.43,1141979.24,-1.84,-5.77,"STLD, ALNY, FANG, ULTA, TSCO, JKHY, CSGP, ON, INCY, CHKP","ENPH→FANG, RPRX→STLD",,,,,,,,,,,,,,,,,,,,,,,,,,,,,,,,,,,,,,,,,,,,,,,,,,,,,,,,,,,,,,,,,,,,,,,,,,,,,,,,,,,,,,,,,,,,,,,,,,,,,,,,,,,,,,,,,,,,,,,,,,,,,,,,,,,,,,,,,,,,,,,33.33,-5.67,,,,,,,,,,,,,,,,,,,,,,,,,,,,,,,,,,,,,,,,,,,,,,,,,,,,,33.33,7.73,,,,,,,,,,,,,,,,,,,,,,,33.33,-7.59,,,,,,,,,,,,,,,,,,,,,,,,,,,,,,,,,,
2022-12-30,2023-01-31,1142868.62,1285011.71,12.44,8.53,"FSLR, STLD, EXE, APA, ALNY, BMRN, HZNP-202310, PODD, ULTA, INCY",FANG→FSLR,,,,,,,,,,,,,,,,,,,,,,,,,,,,,,,,,,,,,,,,,,,,,,,,,,,,,,,,,,,,,,,,,,,,,,,,,,,,,,,,,,,,,,,,,,,,,,,,,,,,,,,,,,,,,,,,,,,,,,,,,,,,,,,,,,,,,,,,,,,,,,,33.33,23.48,,,,,,,,,,,,,,,,,,,,,,,,,,,,,,,,,,,,,,,,,,,,,,,,,,,,,33.33,-4.73,,,,,,,,,,,,,,,,,,,,,,,,,,,,,33.33,18.57,,,,,,,,,,,,,,,,,,,,,,,,,,,,
2023-01-31,2023-02-28,1286066.81,1218905.67,-5.22,-3.11,"FSLR, STLD, ALNY, BMRN, ULTA, HZNP-202310, APA, EXE, HOLX-202604, UAL",,,,,,,,,,,,,,,,,,,,,,,,,,,,,,,,,,,,,,,,,,,,,,,,,,,,,,,,,,,,,,,,,,,,,,,,,,,,,,,,,,,,,,,,,,,,,,,,,,,,,,,,,,,,,,,,,,,,,,,,,,,,,,,,,,,,,,,,,,,,,,,,33.33,4.53,,,,,,,,,,,,,,,,,,,,,,,,,,,,,,,,,,,,,,,,,,,,,,,,,,,,,33.33,-15.44,,,,,,,,,,,,,,,,,,,,,,,,,,,,,33.33,-4.76,,,,,,,,,,,,,,,,,,,,,,,,,,,,
2023-02-28,2023-03-31,1219848.26,1294137.82,6.09,1.52,"STLD, FSLR, HZNP-202310, ULTA, HOLX-202604, BMRN, TSCO, CDW, INCY, PTC",ALNY→HZNP-202310,,,,,,,,,,,,,,,,,,,,,,,,,,,,,,,,,,,,,,,,,,,,,,,,,,,,,,,,,,,,,,,,,,,,,,,,,,,,,,,,,,,,,,,,,,,,,,,,,,,,,,,,,,,,,,,,,,,,,,,,,,,,,,,,,,,,,,,,,,,,,,,33.33,-10.0,,,,,,,,,,,,,,,,,,,,,,,,,,,,,,,,,,,,,,,,,,,,,,,,,,,,,,,,,,,,,,,,,33.33,-0.32,,,,,,,,,,,,,,,,,33.33,28.59,,,,,,,,,,,,,,,,,,,,,,,,,,,,
2023-03-31,2023-04-28,1295217.97,1199104.12,-7.42,-3.08,"FSLR, AXON, CCEP, STLD, ULTA, HZNP-202310, SNY, TCOM, HOLX-202604, LKQ",,,,,,,,,,,,,,,,,,,,,,,,,,,,,,,,,,,,,,,,,,,,,,,,,,,,,,,,,,,,,,,,,,,,,,,,,,,,,,,,,,,,,,,,,,,,,,,,,,,,,,,,,,,,,,,,,,,,,,,,,,,,,,,,,,,,,,,,,,,,,,,,33.33,-8.06,,,,,,,,,,,,,,,,,,,,,,,,,,,,,,,,,,,,,,,,,,,,,,,,,,,,,,,,,,,,,,,,,33.33,1.85,,,,,,,,,,,,,,,,,33.33,-16.06,,,,,,,,,,,,,,,,,,,,,,,,,,,,
2023-04-28,2023-05-31,1200102.17,1202445.6,0.2,-2.49,"FSLR, AXON, CCEP, TCOM, ULTA, SNY, HOLX-202604, HZNP-202310, PODD, STLD","HZNP-202310→AXON, STLD→CCEP",,,,,,,,,,,,,,,,,,,,,,,,,,,,,,,,,,,,,,,,,,,,,,,,,,,,,,,,,,,,,,,,,,,,,,,,,,,,,,,,,,,,,,,,,,,,,,,,,,,,,,,,,,,,,,,,,,,,,,,,,,,,,,,,,,,,,,,,,,,,,,,,,,,,,,,,,,,,,,,,,,,,,,,,,,,,,,,,,,,,,,,,,,,,,,,,,,,,,,,,,,,,,,,,,,,,,,,,,,,,,,,,,,,33.33,11.16,33.33,-8.45,33.33,-2.13,,,,,,,,,,,,,,,,,,,,,,,,
2023-05-31,2023-06-30,1203468.55,1176472.33,-2.24,8.1,GOLD ($NDX/XAUUSD=7.26),+XAUUSD,,,,,,,,,,,,,,,,,,,,,,,,,,,,,,,,,,,,,,,,,,,,,,,,,,,,,,,,,,,,,,,,,,,,,,,,,,,,,,,,,,,,,,,,,,,,,,,,,,,,,,,,,,,,,,,,,,,,,,,,,,,,,,,,,,,,,,,,,,,,,,,,,,,,,,,,,,,,,,,,,,,,,,,,,,,,,,,,,,,,,,,,,,,,,,,,,,,,,,,,,,,,,,,,,,,,,,,,,100.0,-2.24,,,,,,,,,,,,,,,,,,,,,,,,,,,,,,,,,,,,,,
2023-06-30,2023-07-31,1177448.61,1206056.56,2.43,2.29,GOLD ($NDX/XAUUSD=7.91),+XAUUSD,,,,,,,,,,,,,,,,,,,,,,,,,,,,,,,,,,,,,,,,,,,,,,,,,,,,,,,,,,,,,,,,,,,,,,,,,,,,,,,,,,,,,,,,,,,,,,,,,,,,,,,,,,,,,,,,,,,,,,,,,,,,,,,,,,,,,,,,,,,,,,,,,,,,,,,,,,,,,,,,,,,,,,,,,,,,,,,,,,,,,,,,,,,,,,,,,,,,,,,,,,,,,,,,,,,,,,,,,100.0,2.43,,,,,,,,,,,,,,,,,,,,,,,,,,,,,,,,,,,,,,
2023-07-31,2023-08-31,1207069.86,1191224.62,-1.31,-3.62,GOLD ($NDX/XAUUSD=8.02),+XAUUSD,,,,,,,,,,,,,,,,,,,,,,,,,,,,,,,,,,,,,,,,,,,,,,,,,,,,,,,,,,,,,,,,,,,,,,,,,,,,,,,,,,,,,,,,,,,,,,,,,,,,,,,,,,,,,,,,,,,,,,,,,,,,,,,,,,,,,,,,,,,,,,,,,,,,,,,,,,,,,,,,,,,,,,,,,,,,,,,,,,,,,,,,,,,,,,,,,,,,,,,,,,,,,,,,,,,,,,,,,100.0,-1.31,,,,,,,,,,,,,,,,,,,,,,,,,,,,,,,,,,,,,,
2023-08-31,2023-09-29,1192273.89,1136287.22,-4.7,-5.09,GOLD ($NDX/XAUUSD=7.99),+XAUUSD,,,,,,,,,,,,,,,,,,,,,,,,,,,,,,,,,,,,,,,,,,,,,,,,,,,,,,,,,,,,,,,,,,,,,,,,,,,,,,,,,,,,,,,,,,,,,,,,,,,,,,,,,,,,,,,,,,,,,,,,,,,,,,,,,,,,,,,,,,,,,,,,,,,,,,,,,,,,,,,,,,,,,,,,,,,,,,,,,,,,,,,,,,,,,,,,,,,,,,,,,,,,,,,,,,,,,,,,,100.0,-4.7,,,,,,,,,,,,,,,,,,,,,,,,,,,,,,,,,,,,,,
2023-09-29,2023-10-31,1137219.14,1220289.85,7.3,-6.6,GOLD ($NDX/XAUUSD=7.96),+XAUUSD,,,,,,,,,,,,,,,,,,,,,,,,,,,,,,,,,,,,,,,,,,,,,,,,,,,,,,,,,,,,,,,,,,,,,,,,,,,,,,,,,,,,,,,,,,,,,,,,,,,,,,,,,,,,,,,,,,,,,,,,,,,,,,,,,,,,,,,,,,,,,,,,,,,,,,,,,,,,,,,,,,,,,,,,,,,,,,,,,,,,,,,,,,,,,,,,,,,,,,,,,,,,,,,,,,,,,,,,,100.0,7.3,,,,,,,,,,,,,,,,,,,,,,,,,,,,,,,,,,,,,,
2023-10-31,2023-11-30,1221264.09,1253557.19,2.64,10.84,GOLD ($NDX/XAUUSD=7.26),+XAUUSD,,,,,,,,,,,,,,,,,,,,,,,,,,,,,,,,,,,,,,,,,,,,,,,,,,,,,,,,,,,,,,,,,,,,,,,,,,,,,,,,,,,,,,,,,,,,,,,,,,,,,,,,,,,,,,,,,,,,,,,,,,,,,,,,,,,,,,,,,,,,,,,,,,,,,,,,,,,,,,,,,,,,,,,,,,,,,,,,,,,,,,,,,,,,,,,,,,,,,,,,,,,,,,,,,,,,,,,,,100.0,2.64,,,,,,,,,,,,,,,,,,,,,,,,,,,,,,,,,,,,,,
2023-11-30,2023-12-29,1254544.31,1270916.16,1.31,6.85,GOLD ($NDX/XAUUSD=7.83),+XAUUSD,,,,,,,,,,,,,,,,,,,,,,,,,,,,,,,,,,,,,,,,,,,,,,,,,,,,,,,,,,,,,,,,,,,,,,,,,,,,,,,,,,,,,,,,,,,,,,,,,,,,,,,,,,,,,,,,,,,,,,,,,,,,,,,,,,,,,,,,,,,,,,,,,,,,,,,,,,,,,,,,,,,,,,,,,,,,,,,,,,,,,,,,,,,,,,,,,,,,,,,,,,,,,,,,,,,,,,,,,100.0,1.31,,,,,,,,,,,,,,,,,,,,,,,,,,,,,,,,,,,,,,
2023-12-29,2024-01-31,1271928.99,1255815.43,-1.27,-1.75,GOLD ($NDX/XAUUSD=8.16),+XAUUSD,,,,,,,,,,,,,,,,,,,,,,,,,,,,,,,,,,,,,,,,,,,,,,,,,,,,,,,,,,,,,,,,,,,,,,,,,,,,,,,,,,,,,,,,,,,,,,,,,,,,,,,,,,,,,,,,,,,,,,,,,,,,,,,,,,,,,,,,,,,,,,,,,,,,,,,,,,,,,,,,,,,,,,,,,,,,,,,,,,,,,,,,,,,,,,,,,,,,,,,,,,,,,,,,,,,,,,,,,100.0,-1.27,,,,,,,,,,,,,,,,,,,,,,,,,,,,,,,,,,,,,,
2024-01-31,2024-02-29,1256812.14,1260959.45,0.33,6.73,GOLD ($NDX/XAUUSD=8.42),+XAUUSD,,,,,,,,,,,,,,,,,,,,,,,,,,,,,,,,,,,,,,,,,,,,,,,,,,,,,,,,,,,,,,,,,,,,,,,,,,,,,,,,,,,,,,,,,,,,,,,,,,,,,,,,,,,,,,,,,,,,,,,,,,,,,,,,,,,,,,,,,,,,,,,,,,,,,,,,,,,,,,,,,,,,,,,,,,,,,,,,,,,,,,,,,,,,,,,,,,,,,,,,,,,,,,,,,,,,,,,,,100.0,0.33,,,,,,,,,,,,,,,,,,,,,,,,,,,,,,,,,,,,,,
2024-02-29,2024-03-29,1261874.64,1378799.87,9.27,3.84,GOLD ($NDX/XAUUSD=8.83),+XAUUSD,,,,,,,,,,,,,,,,,,,,,,,,,,,,,,,,,,,,,,,,,,,,,,,,,,,,,,,,,,,,,,,,,,,,,,,,,,,,,,,,,,,,,,,,,,,,,,,,,,,,,,,,,,,,,,,,,,,,,,,,,,,,,,,,,,,,,,,,,,,,,,,,,,,,,,,,,,,,,,,,,,,,,,,,,,,,,,,,,,,,,,,,,,,,,,,,,,,,,,,,,,,,,,,,,,,,,,,,,100.0,9.27,,,,,,,,,,,,,,,,,,,,,,,,,,,,,,,,,,,,,,
2024-03-29,2024-04-30,1379776.89,1412224.2,2.35,-6.23,GOLD ($NDX/XAUUSD=8.18),+XAUUSD,,,,,,,,,,,,,,,,,,,,,,,,,,,,,,,,,,,,,,,,,,,,,,,,,,,,,,,,,,,,,,,,,,,,,,,,,,,,,,,,,,,,,,,,,,,,,,,,,,,,,,,,,,,,,,,,,,,,,,,,,,,,,,,,,,,,,,,,,,,,,,,,,,,,,,,,,,,,,,,,,,,,,,,,,,,,,,,,,,,,,,,,,,,,,,,,,,,,,,,,,,,,,,,,,,,,,,,,,100.0,2.35,,,,,,,,,,,,,,,,,,,,,,,,,,,,,,,,,,,,,,
2024-04-30,2024-05-31,1413206.05,1439318.01,1.85,2.77,GOLD ($NDX/XAUUSD=7.63),+XAUUSD,,,,,,,,,,,,,,,,,,,,,,,,,,,,,,,,,,,,,,,,,,,,,,,,,,,,,,,,,,,,,,,,,,,,,,,,,,,,,,,,,,,,,,,,,,,,,,,,,,,,,,,,,,,,,,,,,,,,,,,,,,,,,,,,,,,,,,,,,,,,,,,,,,,,,,,,,,,,,,,,,,,,,,,,,,,,,,,,,,,,,,,,,,,,,,,,,,,,,,,,,,,,,,,,,,,,,,,,,100.0,1.85,,,,,,,,,,,,,,,,,,,,,,,,,,,,,,,,,,,,,,
2024-05-31,2024-06-28,1440318.41,1439742.83,-0.04,1.31,GOLD ($NDX/XAUUSD=7.97),+XAUUSD,,,,,,,,,,,,,,,,,,,,,,,,,,,,,,,,,,,,,,,,,,,,,,,,,,,,,,,,,,,,,,,,,,,,,,,,,,,,,,,,,,,,,,,,,,,,,,,,,,,,,,,,,,,,,,,,,,,,,,,,,,,,,,,,,,,,,,,,,,,,,,,,,,,,,,,,,,,,,,,,,,,,,,,,,,,,,,,,,,,,,,,,,,,,,,,,,,,,,,,,,,,,,,,,,,,,,,,,,100.0,-0.04,,,,,,,,,,,,,,,,,,,,,,,,,,,,,,,,,,,,,,
2024-06-28,2024-07-31,1440693.27,1515815.82,5.21,1.52,GOLD ($NDX/XAUUSD=8.46),+XAUUSD,,,,,,,,,,,,,,,,,,,,,,,,,,,,,,,,,,,,,,,,,,,,,,,,,,,,,,,,,,,,,,,,,,,,,,,,,,,,,,,,,,,,,,,,,,,,,,,,,,,,,,,,,,,,,,,,,,,,,,,,,,,,,,,,,,,,,,,,,,,,,,,,,,,,,,,,,,,,,,,,,,,,,,,,,,,,,,,,,,,,,,,,,,,,,,,,,,,,,,,,,,,,,,,,,,,,,,,,,100.0,5.21,,,,,,,,,,,,,,,,,,,,,,,,,,,,,,,,,,,,,,
2024-07-31,2024-08-30,1516793.67,1551162.87,2.27,2.01,GOLD ($NDX/XAUUSD=7.91),+XAUUSD,,,,,,,,,,,,,,,,,,,,,,,,,,,,,,,,,,,,,,,,,,,,,,,,,,,,,,,,,,,,,,,,,,,,,,,,,,,,,,,,,,,,,,,,,,,,,,,,,,,,,,,,,,,,,,,,,,,,,,,,,,,,,,,,,,,,,,,,,,,,,,,,,,,,,,,,,,,,,,,,,,,,,,,,,,,,,,,,,,,,,,,,,,,,,,,,,,,,,,,,,,,,,,,,,,,,,,,,,100.0,2.27,,,,,,,,,,,,,,,,,,,,,,,,,,,,,,,,,,,,,,
2024-08-30,2024-09-30,1552112.87,1633797.48,5.26,4.63,GOLD ($NDX/XAUUSD=7.82),+XAUUSD,,,,,,,,,,,,,,,,,,,,,,,,,,,,,,,,,,,,,,,,,,,,,,,,,,,,,,,,,,,,,,,,,,,,,,,,,,,,,,,,,,,,,,,,,,,,,,,,,,,,,,,,,,,,,,,,,,,,,,,,,,,,,,,,,,,,,,,,,,,,,,,,,,,,,,,,,,,,,,,,,,,,,,,,,,,,,,,,,,,,,,,,,,,,,,,,,,,,,,,,,,,,,,,,,,,,,,,,,100.0,5.26,,,,,,,,,,,,,,,,,,,,,,,,,,,,,,,,,,,,,,
2024-09-30,2024-10-31,1634757.71,1702455.62,4.14,-1.54,GOLD ($NDX/XAUUSD=7.61),+XAUUSD,,,,,,,,,,,,,,,,,,,,,,,,,,,,,,,,,,,,,,,,,,,,,,,,,,,,,,,,,,,,,,,,,,,,,,,,,,,,,,,,,,,,,,,,,,,,,,,,,,,,,,,,,,,,,,,,,,,,,,,,,,,,,,,,,,,,,,,,,,,,,,,,,,,,,,,,,,,,,,,,,,,,,,,,,,,,,,,,,,,,,,,,,,,,,,,,,,,,,,,,,,,,,,,,,,,,,,,,,100.0,4.14,,,,,,,,,,,,,,,,,,,,,,,,,,,,,,,,,,,,,,
2024-10-31,2024-11-29,1703489.66,1647409.87,-3.29,12.61,GOLD ($NDX/XAUUSD=7.25),+XAUUSD,,,,,,,,,,,,,,,,,,,,,,,,,,,,,,,,,,,,,,,,,,,,,,,,,,,,,,,,,,,,,,,,,,,,,,,,,,,,,,,,,,,,,,,,,,,,,,,,,,,,,,,,,,,,,,,,,,,,,,,,,,,,,,,,,,,,,,,,,,,,,,,,,,,,,,,,,,,,,,,,,,,,,,,,,,,,,,,,,,,,,,,,,,,,,,,,,,,,,,,,,,,,,,,,,,,,,,,,,100.0,-3.29,,,,,,,,,,,,,,,,,,,,,,,,,,,,,,,,,,,,,,
2024-11-29,2024-12-31,1648421.41,1629617.27,-1.14,-4.47,GOLD ($NDX/XAUUSD=7.89),+XAUUSD,,,,,,,,,,,,,,,,,,,,,,,,,,,,,,,,,,,,,,,,,,,,,,,,,,,,,,,,,,,,,,,,,,,,,,,,,,,,,,,,,,,,,,,,,,,,,,,,,,,,,,,,,,,,,,,,,,,,,,,,,,,,,,,,,,,,,,,,,,,,,,,,,,,,,,,,,,,,,,,,,,,,,,,,,,,,,,,,,,,,,,,,,,,,,,,,,,,,,,,,,,,,,,,,,,,,,,,,,100.0,-1.14,,,,,,,,,,,,,,,,,,,,,,,,,,,,,,,,,,,,,,
2024-12-31,2025-01-31,1630553.63,1741385.87,6.8,2.95,GOLD ($NDX/XAUUSD=8.01),+XAUUSD,,,,,,,,,,,,,,,,,,,,,,,,,,,,,,,,,,,,,,,,,,,,,,,,,,,,,,,,,,,,,,,,,,,,,,,,,,,,,,,,,,,,,,,,,,,,,,,,,,,,,,,,,,,,,,,,,,,,,,,,,,,,,,,,,,,,,,,,,,,,,,,,,,,,,,,,,,,,,,,,,,,,,,,,,,,,,,,,,,,,,,,,,,,,,,,,,,,,,,,,,,,,,,,,,,,,,,,,,100.0,6.8,,,,,,,,,,,,,,,,,,,,,,,,,,,,,,,,,,,,,,
2025-01-31,2025-02-28,1742367.14,1775621.25,1.91,-4.03,GOLD ($NDX/XAUUSD=7.67),+XAUUSD,,,,,,,,,,,,,,,,,,,,,,,,,,,,,,,,,,,,,,,,,,,,,,,,,,,,,,,,,,,,,,,,,,,,,,,,,,,,,,,,,,,,,,,,,,,,,,,,,,,,,,,,,,,,,,,,,,,,,,,,,,,,,,,,,,,,,,,,,,,,,,,,,,,,,,,,,,,,,,,,,,,,,,,,,,,,,,,,,,,,,,,,,,,,,,,,,,,,,,,,,,,,,,,,,,,,,,,,,100.0,1.91,,,,,,,,,,,,,,,,,,,,,,,,,,,,,,,,,,,,,,
2025-02-28,2025-03-31,1776535.23,1943737.59,9.41,-6.04,GOLD ($NDX/XAUUSD=7.31),+XAUUSD,,,,,,,,,,,,,,,,,,,,,,,,,,,,,,,,,,,,,,,,,,,,,,,,,,,,,,,,,,,,,,,,,,,,,,,,,,,,,,,,,,,,,,,,,,,,,,,,,,,,,,,,,,,,,,,,,,,,,,,,,,,,,,,,,,,,,,,,,,,,,,,,,,,,,,,,,,,,,,,,,,,,,,,,,,,,,,,,,,,,,,,,,,,,,,,,,,,,,,,,,,,,,,,,,,,,,,,,,100.0,9.41,,,,,,,,,,,,,,,,,,,,,,,,,,,,,,,,,,,,,,
2025-03-31,2025-04-30,1944809.91,1813654.85,-6.74,-0.75,"FOX, FOXA, LLYVA, LLYVK, VRSN, EXE, EVRG, UAL, DOCU, FFIV","+FOX, +FOXA, +LLYVA",,,,,,,,,,,,,,,,,,,,,,,,,,,,,,,,,,,,,,,,,,,,,,,,,,,,,,,,,,,,,,,,,,,,,,,,,,,,,,,,,,,,,,,,,,,,,,,,,,,,,,,,,,,,,,,,,,,,,,,,,,,,,,,,,,,,,,,,,,,,,,,,,,,,,,,,,,,,,,,,,,,,,,,,,,,,,,,,,,,,,,,,,,,,,,,,,,,,,,,,,,,,,,,,,,,,,,,,,,,,,,,,,,,,,,,,,33.33,-12.27,33.33,-12.03,33.33,4.07,,,,,,,,,,,,,,,,,,
2025-04-30,2025-05-30,1814587.2,1946247.2,7.26,5.5,"SMMT, VRSN, LLYVA, LLYVK, EVRG, FOX, FOXA, FFIV, CASY, EXE",,,,,,,,,,,,,,,,,,,,,,,,,,,,,,,,,,,,,,,,,,,,,,,,,,,,,,,,,,,,,,,,,,,,,,,,,,,,,,,,,,,,,,,,,,,,,,,,,,,,,,,,,,,,,,,,,,,,,,,,,,,,,,,,,,,,,,,,,,,,,,,,,,,,,,,,,,,,,,,,,,,,,,,,,,,,,,,,,,,,,,,,,,,,,,,,,,,,,,,,,,,,,,,,,,,,,,,,,,,,,,,,,,,,,,,,,,33.33,8.74,33.33,10.34,33.33,2.69,,,,,,,,,,,,,,,,,,
2025-05-30,2025-06-30,1947198.71,2046448.17,5.1,5.43,"VRSN, FOXA, FOX, CHKP, LLYVA, LLYVK, FFIV, SMMT, PODD, EBAY",,,,,,,,,,,,,,,,,,,,,,,,,,,,,,,,,,,,,,,,,,,,,,,,,,,,,,,,,,,,,,,,,,,,,,,,,,,,,,,,,,,,,,,,,,,,,,,,,,,,,,,,,,,,,,,,,,,,,,,,,,,,,,,,,,,,,,,,,,,,,,,,,,,,,,,,,,,,,,,,,,,,,,,,,,,,,,,,,,,,,,,,,,,,,,,,,,,,,,,,,,,,,,,,,,,,,,,,,,,,,,,,,,,,,,,,,,33.33,2.68,33.33,2.0,33.33,10.6,,,,,,,,,,,,,,,,,,
2025-06-30,2025-07-31,2047427.77,2090069.04,2.08,3.41,"ESLT, VRSN, LLYVA, LLYVK, SFM, FOXA, EXE, FOX, FFIV, EBAY",FOX→ESLT,,,,,,,,,,,,,,,,,,,,,,,,,,,,,,,,,,,,,,,,,,,,,,,,,,,,,,,,,,,,,,,,,,,,,,,,,,,,,,,,,,,,,,,,,,,,,,,,,,,,,,,,,,,,,,,,,,,,,,,,,,,,,,,,,,,,,,,,,,,,,,,,,,,,,,,,,,,,,,,,,,,,,,,,,,,,,,,,,,,,,,,,,,,,,,,,,,,,,,,,,,,,,,,,,,,,,,,,,,,,,,,,,,,,,,,,,,,33.33,-0.5,33.33,2.92,33.33,3.83,,,,,,,,,,,,,,,,
2025-07-31,2025-08-29,2091023.58,2190609.15,4.76,4.23,GOLD ($NDX/XAUUSD=7.06),+XAUUSD,,,,,,,,,,,,,,,,,,,,,,,,,,,,,,,,,,,,,,,,,,,,,,,,,,,,,,,,,,,,,,,,,,,,,,,,,,,,,,,,,,,,,,,,,,,,,,,,,,,,,,,,,,,,,,,,,,,,,,,,,,,,,,,,,,,,,,,,,,,,,,,,,,,,,,,,,,,,,,,,,,,,,,,,,,,,,,,,,,,,,,,,,,,,,,,,,,,,,,,,,,,,,,,,,,,,,,,,,100.0,4.76,,,,,,,,,,,,,,,,,,,,,,,,,,,,,,,,,,,,,,
2025-08-29,2025-09-30,2191591.46,2231059.54,1.8,3.68,"ESLT, LLYVK, LLYVA, ALNY, EBAY, STX, FER, ULTA, VRSN, WDC","+ESLT, +LLYVA, +LLYVK",,,,,,,,,,,,,,,,,,,,,,,,,,,,,,,,,,,,,,,,,,,,,,,,,,,,,,,,,,,,,,,,,,,,,,,,,,,,,,,,,,,,,,,,,,,,,,,,,,,,,,,,,,,,,,,,,,,,,,,,,,,,,,,,,,,,,,,,,,,,,,,,,,,,,,,,,,,,,,,,,,,,,,,,,,,,,,,,,,,,,,,,,,,,,,,,,,,,,,,,,,,,,,,,,,,,,,,,,,,,,,,,,,,,,,,,,,,,,33.33,-0.34,33.33,6.16,33.33,-0.42,,,,,,,,,,,,,,
2025-09-30,2025-10-31,2232131.24,2082810.32,-6.69,2.5,"STX, CRDO, ALAB, WDC, ESLT, LLYVK, LLYVA, INSM, TLN, FLEX",,,,,,,,,,,,,,,,,,,,,,,,,,,,,,,,,,,,,,,,,,,,,,,,,,,,,,,,,,,,,,,,,,,,,,,,,,,,,,,,,,,,,,,,,,,,,,,,,,,,,,,,,,,,,,,,,,,,,,,,,,,,,,,,,,,,,,,,,,,,,,,,,,,,,,,,,,,,,,,,,,,,,,,,,,,,,,,,,,,,,,,,,,,,,,,,,,,,,,,,,,,,,,,,,,,,,,,,,,,,,,,,,,,,,,,,,,,,,,33.33,-6.96,33.33,-6.35,33.33,-6.76,,,,,,,,,,,,,,
2025-10-31,2025-11-28,2083761.47,2190778.34,5.14,-1.84,"WDC, STX, CRDO, INSM, ESLT, FLEX, FER, TLN, ALNY, CYBR-202602","LLYVA→STX, LLYVK→WDC",,,,,,,,,,,,,,,,,,,,,,,,,,,,,,,,,,,,,,,,,,,,,,,,,,,,,,,,,,,,,,,,,,,,,,,,,,,,,,,,,,,,,,,,,,,,,,,,,,,,,,,,,,,,,,,,,,,,,,,,,,,,,,,,,,,,,,,,,,,,,,,,,,,,,,,,,,,,,,,,,,,,,,,,,,,,,,,,,,,,,,,,,,,,,,,,,,,,,,,,,,,,,,,,,,,,,,,,,,,,,,,,,,,,,,,,,,,,,,,33.33,-1.46,,,33.33,8.13,33.33,8.73,,,,,,,,,,
2025-11-28,2025-12-31,2191691.62,2399816.67,9.5,-0.56,"INSM, WDC, STX, ARGX, CRDO, FER, ESLT, ALNY, TER, NTRA",,,,,,,,,,,,,,,,,,,,,,,,,,,,,,,,,,,,,,,,,,,,,,,,,,,,,,,,,,,,,,,,,,,,,,,,,,,,,,,,,,,,,,,,,,,,,,,,,,,,,,,,,,,,,,,,,,,,,,,,,,,,,,,,,,,,,,,,,,,,,,,,,,,,,,,,,,,,,,,,,,,,,,,,,,,,,,,,,,,,,,,,,,,,,,,,,,,,,,,,,,,,,,,,,,,,,,,,,,,,,,,,,,,,,,,,,,,,,,,,33.33,23.14,,,33.33,-0.21,33.33,5.56,,,,,,,,,,
2025-12-31,2026-01-30,2400675.81,2794294.36,16.4,3.47,"LITE, ESLT, CHRW, TER, EXPE, INCY, FOXA, MDB, NBIS, ARGX","STX→CHRW, WDC→LITE",,,,,,,,,,,,,,,,,,,,,,,,,,,,,,,,,,,,,,,,,,,,,,,,,,,,,,,,,,,,,,,,,,,,,,,,,,,,,,,,,,,,,,,,,,,,,,,,,,,,,,,,,,,,,,,,,,,,,,,,,,,,,,,,,,,,,,,,,,,,,,,,,,,,,,,,,,,,,,,,,,,,,,,,,,,,,,,,,,,,,,,,,,,,,,,,,,,,,,,,,,,,,,,,,,,,,,,,,,,,,,,,,,,,,,,,,,,,,,,33.33,21.61,,,,,,,33.33,21.27,33.33,6.31,,,,,,
2026-01-30,2026-02-27,2795076.91,3571753.56,27.79,1.46,"LITE, ESLT, CHRW, TER, NTRA, FOXA, ULTA, STLD, CASY, INCY",,,,,,,,,,,,,,,,,,,,,,,,,,,,,,,,,,,,,,,,,,,,,,,,,,,,,,,,,,,,,,,,,,,,,,,,,,,,,,,,,,,,,,,,,,,,,,,,,,,,,,,,,,,,,,,,,,,,,,,,,,,,,,,,,,,,,,,,,,,,,,,,,,,,,,,,,,,,,,,,,,,,,,,,,,,,,,,,,,,,,,,,,,,,,,,,,,,,,,,,,,,,,,,,,,,,,,,,,,,,,,,,,,,,,,,,,,,,,,,,33.33,9.46,,,,,,,33.33,-4.98,33.33,78.88,,,,,,
2026-02-27,2026-03-31,3572751.48,3580207.85,0.21,-4.0,"SNDK, LITE, TER, ESLT, CHRW, ULTA, CASY, STLD, BIIB, DLTR",,,,,,,,,,,,,,,,,,,,,,,,,,,,,,,,,,,,,,,,,,,,,,,,,,,,,,,,,,,,,,,,,,,,,,,,,,,,,,,,,,,,,,,,,,,,,,,,,,,,,,,,,,,,,,,,,,,,,,,,,,,,,,,,,,,,,,,,,,,,,,,,,,,,,,,,,,,,,,,,,,,,,,,,,,,,,,,,,,,,,,,,,,,,,,,,,,,,,,,,,,,,,,,,,,,,,,,,,,,,,,,,,,,,,,,,,,,,,,,,33.33,10.41,,,,,,,33.33,-10.05,33.33,0.26,,,,,,
2026-03-31,2026-04-30,3580957.96,4773913.59,33.31,14.05,"SNDK, LITE, TER, ROIV, RVMD, ESLT, WWD, CASY, RPRX, ASTS",CHRW→SNDK,,,,,,,,,,,,,,,,,,,,,,,,,,,,,,,,,,,,,,,,,,,,,,,,,,,,,,,,,,,,,,,,,,,,,,,,,,,,,,,,,,,,,,,,,,,,,,,,,,,,,,,,,,,,,,,,,,,,,,,,,,,,,,,,,,,,,,,,,,,,,,,,,,,,,,,,,,,,,,,,,,,,,,,,,,,,,,,,,,,,,,,,,,,,,,,,,,,,,,,,,,,,,,,,,,,,,,,,,,,,,,,,,,,,,,,,,,,,,,,33.33,-1.04,,,,,,,,,33.33,28.4,33.33,72.59,,,,
2026-04-30,2026-05-29,4774885.34,4913702.82,2.91,14.24,"LITE, TER, RVMD, ROIV, ESLT, CASY, NBIS, ON, WWD, RPRX",SNDK→TER,,,,,,,,,,,,,,,,,,,,,,,,,,,,,,,,,,,,,,,,,,,,,,,,,,,,,,,,,,,,,,,,,,,,,,,,,,,,,,,,,,,,,,,,,,,,,,,,,,,,,,,,,,,,,,,,,,,,,,,,,,,,,,,,,,,,,,,,,,,,,,,,,,,,,,,,,,,,,,,,,,,,,,,,,,,,,,,,,,,,,,,33.33,9.02,,,,,,,,,,,,,,,,,,,,,,,,,,,,,,,,,,,,,,,,,,,,,,,,,,,,,,,33.33,4.95,,,,,,,,,33.33,-5.25,,,,,,
2026-05-29,2026-06-30,4914546.3,5826565.03,18.56,2.72,"TER, RVMD, FLEX, ON, GFS, NBIS, ROIV, CASY, RPRX, JBHT","ESLT→FLEX, LITE→RVMD",,,,,,,,,,,,,,,,,,,,,,,,,,,,,,,,,,,,,,,,,,,,,,,,,,,,,,,,,,,,,,,,,,,,,,,,,,,,,,,,,,,,,,,,,,,,,,,,,,,,,,,,,,,,,,,,,,,,,,,,,,,,,,,,,,,,,,,,,,,,,,,,,,,,,,,,,,,,,,,,,,,,,,,,,,,,,,,,,,,,,,,33.33,29.26,,,,,,,,,,,,,,,,,,,,,,,,,,,,,,,,,,,,,,,,,,,,,,,,,,,,,,,,,,,,,,,,,,,,,33.33,7.49,33.33,18.92
2026-06-30,2026-07-10,5827537.64,5991650.41,2.82,-2.49,GOLD ($NDX/XAUUSD=7.56),+XAUUSD,,,,,,,,,,,,,,,,,,,,,,,,,,,,,,,,,,,,,,,,,,,,,,,,,,,,,,,,,,,,,,,,,,,,,,,,,,,,,,,,,,,,,,,,,,,,,,,,,,,,,,,,,,,,,,,,,,,,,,,,,,,,,,,,,,,,,,,,,,,,,,,,,,,,,,,,,,,,,,,,,,,,,,,,,,,,,,,,,,,,,,,,,,,,,,,,,,,,,,,,,,,,,,,,,,,,,,,,,100.0,2.82,,,,,,,,,,,,,,,,,,,,,,,,,,,,,,,,,,,,,,
